,id,pac_pred,sho_pred,pas_pred,dri_pred,def_pred,phy_pred
0,182945,84.21320512820513,72.98736922799424,71.2367369571676,80.775,43.160625,61.766231286075026
1,204529,79.32031614219115,78.10952380952382,61.14515179153284,76.84516897081411,28.017701326451327,72.74142857142857
2,237337,64.60488991320001,53.67545226423901,55.55146990740741,66.92744859307359,36.577636554621854,44.87708333333334
3,162895,63.56869310823097,76.80729166666667,85.7,80.5125,61.059375,65.26010912698412
4,173436,87.74125000000001,71.55249368686869,68.8577074579832,81.5125,41.71145833333334,63.28125
5,201988,47.765872113997105,30.995395837822304,52.33690354376015,49.419627976190476,79.96011695906432,75.96317315383891
6,234645,59.620058462779056,34.87316626878024,39.00208333333333,60.00057291666667,62.421875,53.5125
7,135883,66.04636273199263,45.18386904761905,68.07061913780663,67.80448985042734,75.1591427515153,76.02400908233987
8,54051,72.29857144311781,67.28380952380952,70.55190126811594,81.2875,39.95734848484848,68.02421245421245
9,138722,64.98658712980233,55.03117928805428,61.26993519456903,68.9628131447097,72.36086047938987,73.60734637391124
10,189157,87.6875,68.13511904761904,68.5680895989975,83.37708333333333,33.3409375,78.73358372605657
11,189242,81.61884920634921,77.61666666666667,82.325,87.63333333333333,35.600833333333334,63.96791666666667
12,224017,54.76652645965147,41.12421130952381,56.6645088649776,57.1325218837535,56.859375,64.82083333333334
13,223747,70.28986168687096,36.845987650829564,61.997199675324666,67.94360199741779,68.75416666666668,65.92526041666666
14,146562,66.3308883637087,76.92916666666666,84.75,85.6125,59.57916666666667,63.973975694444434
15,183465,62.54719001186303,69.12623376623375,71.45327412734736,72.29595009157508,73.01129167882456,75.30891983219588
16,192119,83.2875,87.53125,70.69305555555556,86.0125,49.403749999999995,83.103125
17,186148,80.9871875,80.91875,69.9625,82.57083333333333,50.362991071428574,74.25
18,192766,59.34139149888566,43.68677083333334,64.61912202380952,66.11218434343435,75.65929167240901,72.71059884559884
19,194365,73.26680085630743,74.55944940476192,68.72207341269842,77.3418427579365,45.585625,74.75791170634922
20,212883,73.66006337412588,59.003363997114,63.52694489538241,69.02995522995522,71.96264880952381,83.94038461538462
21,164853,73.9121875,69.93194444444444,76.3,74.5875,47.315104166666664,71.6213324507618
22,191202,63.01817274188339,69.98915043290043,77.075,72.59314368943964,79.6734375,85.6701388888889
23,204847,75.40892477405636,44.640560515873005,55.76816939596351,66.10430953169923,67.99639355742298,67.04192536630038
24,222634,84.52697916666668,68.29928571428573,63.244426406926415,75.66655410062185,28.805481376262634,71.36580357142857
25,231681,59.16799242424243,48.9046875,50.867113095238096,57.73254901960784,37.5125,55.596875
26,183711,71.98586675477301,69.12010281385281,81.76388888888889,75.71062795086482,76.25088153773508,79.29650172593107
27,189324,75.65064903846154,73.11944444444444,62.07670454545455,78.175,54.990625,74.12369047619049
28,220710,77.52298611111111,58.524176136363636,55.231053240740735,65.54973116044235,33.331725292090525,46.25989583333333
29,228407,59.59928180468633,47.87135912698411,57.596147295991045,61.651108630952386,49.347321428571426,58.182348484848475
30,54013,70.25436678235805,69.86083333333333,74.127543767507,75.02687423929862,38.67402243589744,60.41487554112554
31,188155,72.87598928848928,62.7382545045045,70.63987662291531,74.09578157481441,74.37110738526181,79.82470040845041
32,138436,63.390271119756775,72.95518939393939,70.03973025676017,72.26049405455655,57.4125,81.12823083166835
33,195086,55.39755685286934,40.261612554112546,59.34392194202856,63.02244505494506,81.2375,81.11878724385517
34,198719,86.71041666666667,68.43261904761906,69.91657662145926,80.69637096774194,25.474684850914052,52.885000000000005
35,165190,58.51986528433552,64.57563446969696,72.03430523417501,65.99179171522923,70.61225626803751,77.05049823571082
36,171972,62.351027757771945,60.31453768453768,72.38501961687246,71.26905022974101,72.14877038349077,76.21381835341396
37,195671,66.34748738997476,78.40994047619047,57.8333225108225,68.76787330542264,38.71193181818182,76.25005050030713
38,212419,74.77825131557039,36.85311194320386,60.157613264147315,66.94728505291006,69.35642857142855,76.91983912789817
39,225782,79.7583134920635,52.92836814086813,61.130607206040665,65.44082605538281,58.24856601731602,66.8861961996337
40,184037,60.3236316900347,44.04238591269841,61.339171401515145,62.82211131393117,75.19092997295712,76.01756157791483
41,199633,74.17739337051837,59.505050505050505,67.66530257936509,71.91858763495276,73.74931152943634,75.59481303418804
42,153177,75.99159807920839,77.23608630952381,68.91457386363636,84.875,34.616832983193284,65.07684523809523
43,163303,43.15875,63.99305555555556,70.90701514036789,68.89267322954824,74.20003205890686,73.9317768042768
44,197061,67.04858759782397,45.82639880952381,68.26062062937062,66.90671207264958,82.9875,78.38964458322474
45,201942,76.98668435730937,80.190625,78.9875,84.90208333333334,47.02625,75.70996887073501
46,220633,89.25553571428571,65.46579861111111,62.613732013394305,79.85,23.936382753759396,55.034727182539676
47,50723,63.207211538461536,65.03571428571429,64.14375,68.7675,45.340625,71.87937500000001
48,177358,65.10304220621646,62.863913690476195,75.46124999999999,75.98192115077758,78.88211805555557,80.25782570539363
49,179547,75.19135416666667,72.25475694444444,70.95243055555555,76.05,58.734970238095244,72.23466578409511
50,185103,64.96929955983255,68.0625,77.4621875,75.16424731182795,79.0575,77.59252027955151
51,206538,71.5125248614403,53.689062049062045,64.41326298701298,65.95539331413413,71.64016421261486,75.22514631090235
52,208722,92.2875,77.44598214285715,74.6907738095238,84.9125,35.78443452380952,73.65849152432712
53,152514,68.16766569782874,69.6009375,75.125,75.92897411728055,57.39375,69.94651973454285
54,189280,64.79735299323812,56.46385167464115,77.375,68.56749217796093,65.890625,65.55368055555556
55,202697,61.474875137608464,42.07693452380952,56.016417483660135,60.71232504933791,70.08214285714286,69.18442413769026
56,221890,65.47413829823506,54.54894714519713,64.718979752886,67.42453215187592,71.52508288586412,74.87090077308667
57,181291,81.5625,75.3171378968254,75.84791666666666,83.70208333333333,64.0375,73.14369767665131
58,199354,78.78508522727273,80.45750000000001,76.00625,80.0140625,31.920861950549448,71.42845662266657
59,186672,65.40823969540511,56.56779881983829,67.58432922979799,68.85679359333315,77.3150925925926,76.80457709351052
60,197681,72.20220733448316,61.0,73.525,80.045,65.81041666666667,74.33755624746435
61,208330,79.0671875,66.03472222222221,75.03573908730158,81.2875,23.692814680696834,52.77142857142858
62,216268,80.24816494360903,65.3575,60.643531185995904,72.0648604214413,30.990661303995285,59.19219065656565
63,222528,78.5344539141414,56.81289149945401,63.56497110416465,68.6348011016761,47.17458333333333,66.60434185606061
64,226401,70.5102915871076,62.05951388888889,61.79049411889635,69.18800509152992,45.80041666666666,54.74283143939393
65,231673,66.94048931813958,49.2626831395949,56.64329282407407,61.46971490614271,48.94947916666667,61.30712301587302
66,48940,80.9390625,84.35,74.8375,81.28333333333333,45.69375,80.9125
67,138412,67.56293146535626,73.4375,81.153125,76.7657375672043,74.87064330940709,77.36251445279977
68,191005,75.85757929570428,65.56282196969697,71.8845928144568,72.55091834296975,67.64027777777778,72.38998793913237
69,192505,81.84125,82.8375,69.81947430128352,74.58150921658985,34.24607142857143,82.69776785714285
70,196932,69.18721121461542,66.85416666666667,54.5702418537345,64.56886904761905,33.24026262754059,72.02716493855607
71,201305,66.06603817905531,54.22183561637509,63.306902672655475,64.25927885743491,79.78430555555556,77.23366731186704
72,176266,48.36617965367965,39.97181547619048,69.51178555743773,70.60199772267205,78.16123737373738,75.34458485958486
73,192227,66.08231461095674,57.16169020075271,62.15775592055004,61.30333400974026,82.7625,79.21214047275188
74,225785,81.96800595238096,55.1255303030303,51.81941964285714,70.30915986085904,19.488154761904763,53.13526785714286
75,183125,66.05375334927099,79.6625,65.14684523809524,68.8820634920635,35.00001984126984,83.80166666666668
76,194334,63.388445744490355,36.601717241092246,53.41041296326222,60.79240063755689,73.69899832524831,73.45499393988364
77,213900,72.0985540547741,64.18541666666667,51.91401169500434,61.252489933473385,25.45779644423559,60.31018849206349
78,221479,81.35572916666668,63.57000000000001,50.61693121693122,66.88512884269633,31.28134424603175,63.749464285714296
79,224294,73.37197080109695,56.335889097616075,67.41644728535354,75.47675256908143,63.17930555555556,69.76964031339033
80,178091,72.25361111111111,74.02850212287713,59.982224264705884,72.59661887507653,27.52499805749806,81.1796541547221
81,199189,76.79250676406926,72.8654258241758,76.778125,82.0375,55.634375,76.5443331827575
82,207599,68.33923083863056,47.27162698412698,61.33228854478856,64.76555672268907,79.7627670940171,79.4103582875458
83,215756,73.20047403984903,49.74935423032849,61.03555784101651,68.28493488870643,61.16199404761905,63.14734036796538
84,234252,57.95012130230881,28.845596001220997,37.08213203463204,43.68125,57.95,62.25394841269841
85,198198,65.03747784927062,47.74739583333333,53.43233173076923,55.57550245098039,75.78341457762511,76.71334002802752
86,208135,66.97449587711195,70.56566558441558,72.78770186335404,74.97878679508213,73.81782311157312,79.86793538603322
87,228382,77.49531614219114,60.8848511904762,46.762475961538456,62.33400703463203,26.62013189935065,70.55943509615385
88,186905,66.99490828357148,72.16036300505051,62.016006995356804,71.95907188313922,41.559374999999996,79.7816198673128
89,209532,62.34484442640694,59.60094696969696,58.57045454545455,64.4875,44.91020833333333,61.36215277777778
90,169706,58.383034812409825,59.95083333333334,74.0375,73.09710207480428,75.46160838599715,77.57346734350811
91,188253,69.38178075767976,61.02687354312356,74.92098214285714,74.75992439516128,77.00123889268626,79.97272189615941
92,178509,54.375868055555564,80.6875,69.78877976190476,72.61746369949495,38.878437500000004,82.4334054834055
93,186200,75.97905680537045,74.65022321428572,70.08045174303513,75.81994747356137,31.055332792207793,69.77434770462384
94,200841,69.3407761623368,48.672237554112556,66.1456912878788,67.8577895021645,72.69319812438377,74.08127246244094
95,152554,79.8125,44.7734375,64.49428571428571,73.30303335961423,75.64158948559763,68.54759056579621
96,187489,54.95922229057834,62.352123917748905,70.08465637083485,69.12209731058415,65.15291666666667,77.94995660002454
97,198861,69.93492963353852,55.785461309523804,71.50452229986197,73.59264520202021,73.39785037878787,76.44404675450633
98,105846,73.61939903846154,72.943125,67.73125,77.125,45.208333333333336,76.30635073260073
99,171833,79.18916666666667,80.73229166666667,68.14077876984126,80.975,25.65946132809184,71.79794449348005
100,200759,86.92708333333333,60.28430860805861,61.904535499223,74.14089031238105,66.37350378787878,76.77843635531136
101,169590,53.269878542510114,66.14166666666667,76.9125,72.23083333333334,74.39174262415682,75.07122414362223
102,169596,49.53937499999999,44.24230113636364,53.19884658233924,51.11875396825397,79.98125,82.64611492673994
103,186392,65.28950989463647,53.67419357092054,66.00957251082251,65.82024229214836,76.2578172031905,75.97616330473704
104,213135,82.65979166666668,75.42624007936509,68.69692168338908,75.72455885176649,32.082379807692305,75.65712797619048
105,224656,80.81783459595958,36.740653617216125,49.56562229437229,65.99358374882621,63.07432043650793,65.90092261904763
106,163587,82.0375,82.02000000000001,78.2,84.9,56.993125,77.87552083333333
107,183130,77.98135138146168,69.34255952380951,72.7171443070818,76.54761954932339,44.07458333333334,67.70625
108,184134,63.86346301132941,60.70729166666668,68.13411458333333,67.79283338189587,79.28745265151515,79.81278773988694
109,224021,82.82486111111112,60.8125,60.06233444217819,69.610048661386,30.437728174603176,56.64107142857142
110,136113,40.33166666666666,32.11461928594282,45.17514652014651,57.4418253968254,76.8022444137247,80.85713293650795
111,167943,63.69185935104673,72.4625,78.6375,74.98965317668443,73.17690485168427,72.36142658218864
112,183288,63.50935667978668,38.837447638146166,57.42479664024701,54.775797619047616,75.27898963465164,79.21689194374174
113,224887,71.91126121463077,60.92573863636363,44.011207126207125,55.66536706349207,19.354702380952382,51.1640625
114,225719,84.86270833333333,74.15995535714286,60.92026695526696,73.85567178844902,23.49763760448358,68.52911317848817
115,52326,72.6940625,69.5125,68.8575,75.140625,46.07023809523809,71.2754861111111
116,163705,80.525,83.134375,71.88541666666666,82.5,46.9828125,78.72708333333333
117,184484,66.05892518806787,79.98958333333334,82.85138888888889,78.08883064516128,51.075,69.75451636360643
118,172768,60.59811319682122,64.05628472222222,75.33958333333332,72.18898320429571,64.52938988095238,71.82654296498885
119,183285,56.99489380204544,36.239766758976316,59.39591879933791,53.98028670634922,80.04882246376812,81.62807064463314
120,223977,81.71863095238095,51.69482142857144,48.55624999999999,66.02868218048712,20.50078125,44.75
121,225100,76.61945762570761,32.29688325971414,54.533356105699866,65.12932096026243,70.06086489898989,72.10902843963831
122,228332,69.83640430669931,40.30136946386946,57.1923343156707,64.21440579674955,63.64777462121212,71.88624177905427
123,184111,72.86637062310449,77.7203125,65.80611111111111,73.14298859126983,33.0944320436508,80.00150474525476
124,189461,71.48069821859903,69.51178571428571,80.1,82.125,61.73885416666667,71.78161146674853
125,152747,86.27760416666666,66.52291666666667,70.59767565359478,82.25,39.80492822128851,63.44687500000001
126,169792,77.80455662393163,75.0952380952381,69.18714912280701,76.30327908986173,32.26677083333333,69.08810243855606
127,170570,60.114893314406174,67.95,73.69007575757576,73.69822375541125,48.80443181818182,61.7256994047619
128,180216,74.49580965909091,67.20790043290043,71.40721060929505,77.21160727004475,80.4825,77.1910499934493
129,204519,70.21876505884512,52.87219817048765,61.68469253903908,63.66100908689807,69.68250180375179,74.43849921240668
130,233601,75.42132196020353,62.60065476190475,70.62792819092653,75.97027599625906,44.312339743589746,63.29722222222222
131,164835,77.7871875,81.69375,70.63875,83.4625,47.7730505952381,77.86163194444444
132,170008,66.7079555860806,62.87916666666668,62.71062500000001,67.02166666666668,42.98520833333333,66.71964015151516
133,202491,66.28609469695746,59.02783976987924,73.84494047619047,70.19695707070707,52.3577380952381,54.2896875
134,203263,49.615372960372966,36.66505556004453,54.829990092627966,59.26646282536908,75.83465196574161,80.5754513888889
135,3484,35.39762820512821,33.1704613095238,56.04492726194013,52.59745358187134,75.50904636033337,68.81224227915804
136,169586,76.82183396464647,71.70059027777778,60.705534877868544,71.67769715068428,33.177428221288515,67.41124007936507
137,183916,72.68688108766233,69.25886363636364,73.65807528460103,74.62830635663354,71.24900793650792,73.14000879178188
138,188278,69.7813930860806,66.575,64.853125,72.58705357142857,47.01107142857143,67.703125
139,164505,74.80064903846154,71.24040178571428,69.92708333333333,77.0875,41.516666666666666,74.40214723389354
140,220774,61.63607093714679,31.8592776043401,41.24525703463203,52.87386309523809,59.409375,62.477827380952384
141,177578,40.43541666666667,34.21993376517273,48.69546973859474,43.9556045751634,78.43541666666667,79.19919663669663
142,203376,71.03395008825717,59.02872474747475,66.22295183982683,68.13841346153846,82.23958333333334,83.1931038647343
143,204935,74.8641544117647,73.81071428571428,81.30625,78.5375,44.7675,70.13869047619048
144,6826,34.355000000000004,64.84791666666668,78.55,67.94032738095238,78.32790404040404,75.90092858999108
145,146439,61.99804009318008,79.63333333333334,66.86935515873014,71.9236243964369,39.206758207070706,79.35159132534133
146,178567,65.10611246733609,41.296815476190474,66.0036607142857,66.33576073232324,77.96567786258575,78.07482188855829
147,184432,77.62488162878789,55.596524834814296,74.80868055555555,73.84736359126984,84.15,77.8038956594935
148,189682,65.77708521538108,37.22332067442362,57.908386331805445,64.84683978608959,75.62885203490467,79.8097258470696
149,193475,76.28807565789474,51.70781114718615,69.65164186507937,72.93592801704015,71.6469887955182,74.5927381442531
150,211381,85.54635416666667,73.56594696969697,73.11117451298702,85.42708333333334,41.84791666666666,55.14635416666666
151,225539,74.5623005470304,66.41270833333334,62.07244611291486,72.07581627114716,24.942194641014304,63.57550595238096
152,142784,62.763017146080394,55.83552810712737,69.96611820884655,73.13496668262293,81.23166666666665,78.32602492842304
153,200478,68.48361816903986,66.68125,71.85568376068376,72.82664319050832,69.24926767676767,75.49927401072027
154,203965,76.60588972506253,71.08064574314575,71.91413642278773,76.80976139101664,35.34004456327986,64.98719990079366
155,235161,72.26863181504486,60.017222307534816,51.65888392857143,61.55162946428571,25.168520650584796,54.95684523809524
156,188168,71.41606274710368,55.03137565966513,62.62411176860773,70.98486416361416,73.53733131033707,76.41797331029186
157,189505,81.71944444444445,77.34791666666668,76.39504306220097,84.075,37.819751602564104,61.586875000000006
158,20289,65.17062944455361,80.9,80.05,76.60264976958526,70.3625,82.7376736111111
159,139720,63.41952239802028,53.937944897208624,63.48420116341991,63.85825101981352,83.16097222222223,82.00609264678558
160,209483,71.89064903846153,65.13333333333333,67.58125,70.515625,46.910178571428574,65.0453125
161,213648,65.45814408781338,62.0484375,73.03150782428357,74.93730673955997,68.80517045454545,76.44210578149118
162,139062,79.28440972222222,76.28415178571429,72.63749999999999,81.1,48.02395833333334,77.05179505135388
163,216299,60.289551940094235,52.368954248366,55.90723958333333,59.15425595238095,55.456274350649345,65.53556547619048
164,179944,68.24419991642047,64.68125,73.28583333333333,70.6016540148448,83.1375,79.34960838452007
165,198717,89.65647321428571,70.74498376623377,69.90761790345428,85.1625,34.255487546992484,71.31060760847444
166,222503,61.18541666666666,57.08480113636364,56.85125000000001,61.54166666666667,41.81875,58.3053869047619
167,228813,65.61326728756511,59.55729166666667,69.21049603174603,70.39113095238096,53.283333333333324,52.458333333333336
168,184941,85.4796875,83.15,80.375,87.7,40.84583333333333,76.35634996947496
169,204210,50.859641192141176,51.253787878787875,56.694717084386205,61.19774642024644,73.95225357876674,77.60257501719533
170,203775,82.325,77.36190476190475,72.70416666666667,83.9875,50.05041666666666,73.41160714285715
171,202811,68.71532738095239,67.05,70.2,70.04875,53.267708333333324,67.69331078643579
172,204233,86.15,64.3912103174603,69.39916771094404,82.38531746031747,23.895040427355152,50.24017857142857
173,213666,66.86955387848906,54.668645833333336,63.74191797785547,69.34684849378348,64.1236607142857,72.39236111111111
174,169638,75.96238490675991,54.8931363322356,70.83951661234363,73.00834485666604,71.92357857726424,70.56701373405129
175,173546,52.194964375901876,33.4580991994117,52.63890566847368,52.230901202147535,76.5213145318852,74.94306777198958
176,229682,62.34812471571301,31.350010760073257,43.75774801587301,46.469231150793654,66.36924107142856,67.71729910714285
177,53612,30.5375,39.032738095238095,54.81311654202278,47.915625,84.025,72.88898809523809
178,169607,64.79832669461473,57.572215909090914,67.93595545079918,67.59339285714286,75.67495742568022,79.89140850937726
179,197756,75.8515498149194,74.03544282106783,70.43686382458122,79.20885416666667,35.51037698412698,74.00647264420363
180,186351,71.1691524246363,73.71495535714286,72.08304045020577,74.97436492942539,69.95871212121212,79.42825710094093
181,198683,75.10243953962703,80.545,71.39169617837294,78.975,26.2821356986774,71.09226414490526
182,236248,80.36458333333334,61.57346283783784,54.07678876678877,67.80882034632035,25.721222587719296,55.96910218253968
183,194138,88.7921875,75.28497023809524,62.29120653540009,71.63025589402429,27.687000204656453,76.45892744408368
184,216791,64.5404013143719,32.50068543262292,47.735144300144306,50.56037599206349,63.817410714285714,71.58663106372993
185,140498,73.75010416666666,72.15047123015873,67.7875,75.878125,48.78825892857143,73.92744047619047
186,201818,92.2125,74.82698412698412,63.18151497695853,78.29715221774192,26.918157325131013,57.725
187,232759,65.37637812742963,34.82897905280994,47.99217983405483,60.6227049512987,58.254816017316024,56.68368055555557
188,210317,62.33730059462723,47.86830898268398,59.54700900372776,59.90066355519481,63.052619047619054,62.18272727272728
189,233064,68.37367818714145,57.359141414141405,60.41545346902202,67.79027772335424,40.18244047619048,48.0296875
190,135507,73.12562342171717,72.68786630036628,76.2375,77.64401257307506,76.46972222222223,77.54919477785288
191,175603,61.32059659090909,62.853125,62.063750000000006,67.205,44.2425,66.82986111111111
192,193910,66.18909664124914,63.63982142857143,72.82175699665831,75.63357292293281,51.95,61.940714285714286
193,189680,79.20582119360901,56.39331782289405,68.87473053037004,72.82117483211233,70.10481150793649,67.2384375
194,152991,65.14290055250339,66.72118055555555,70.93444526432441,69.28351902726902,68.49371212121211,78.76699834300379
195,205596,70.16493096358964,43.754999999999995,51.80119727494728,64.1147429779328,63.40625,63.08800595238097
196,229266,57.05036616161616,29.469056628420596,38.24978354978355,42.907187500000006,60.546875,59.59383838383839
197,174543,80.00347222222221,81.14791666666666,81.175,81.4875,52.972812499999996,78.46088235294117
198,230640,67.29409846547314,59.975659807534804,43.78949404761905,56.70304181521094,22.1512473893066,58.72965277777778
199,234743,66.14526885436582,55.36180564086815,45.986741071428575,60.47239539565826,30.748654470529477,63.311049107142864
200,135451,79.39110042735044,75.0609375,61.86420454545455,83.675,50.93541666666667,76.76463731325863
201,187942,67.52512971978481,71.4677637987013,51.085132761437904,65.00652947542653,34.5722619047619,80.400000058818
202,199434,69.10948455835687,68.25645833333333,80.0375,82.7375,37.92987438623469,64.44760632341514
203,163873,75.48093750000001,73.99729166666665,70.79618055555555,76.5125,44.6875,77.13485407415473
204,215914,80.3788888888889,66.03764835858587,74.86130952380952,77.9410890151515,79.1,80.7475
205,216321,66.44790847558474,57.70804075991576,61.42121577962807,67.64021928024081,38.28703598484849,61.01243686868686
206,180706,57.56516704996393,36.999099601379015,55.00093248357035,54.38510418258212,74.52509255229386,73.0915308634602
207,186598,73.37888144162602,52.363308590532846,64.65549197330448,66.61089587726853,74.22397847836726,71.41766004390797
208,190549,63.08492039607562,73.96535218253969,71.43517904889228,73.51245355339105,66.23371212121212,78.77782249469752
209,194996,61.6474974746562,76.67083333333333,59.406792717086844,69.81610251590514,30.510290404040404,74.74147321428572
210,227854,56.78981605200355,27.70002482403218,48.38734890109891,49.9975,57.23095238095239,58.60779671717172
211,228410,64.09403409090909,58.73605113636364,59.94500000000001,62.8,40.24479166666667,59.82881944444445
212,230807,63.50548829683389,29.99304494810745,38.1375,54.49607291666666,52.70952380952381,56.26894841269841
213,208830,89.7771875,78.16312500000001,62.74334939254295,75.96668618418617,50.420654761904764,76.12531249999999
214,208920,75.66192765567766,49.97380658084606,65.49823908730158,65.87463338676574,74.17751719353281,73.37446483525171
215,207725,51.00233822601011,39.73977724358974,49.86768623737373,50.98391761628894,74.76648456578144,76.92837932900433
216,228295,62.903806903994266,34.286791384677414,53.411070786852044,64.90060729711465,70.83214285714286,72.9597528714565
217,188879,69.31733616329372,54.681196848108605,64.4490137987013,66.8496875,76.67589511334077,83.98594017094017
218,193011,56.93491435647686,30.243805412316448,53.55799460955711,59.15114685314686,76.22560638755131,76.96975642083896
219,199503,49.01257575757575,64.46197916666668,78.8375,72.04330152486402,72.2148378010878,77.66965917456727
220,202113,86.37291666666667,60.016111111111115,63.780448508704566,70.17526219602388,70.4426984126984,75.0927534909888
221,13732,33.5875,46.86715861344538,56.35711538461538,50.61340773809524,79.94318181818183,73.8125
222,169216,82.0625,72.67145698051948,61.37939574314576,73.83202313311686,37.106592261904765,79.63424967862468
223,212493,83.0952735805861,63.85868055555555,61.62180267537123,73.67416362647208,26.8271030440685,55.10087301587301
224,235458,53.91239357864358,36.50223969331323,42.05719426406927,46.54205853174603,46.925,69.90223214285714
225,173426,79.67815972222222,77.16843750000001,66.94722222222222,83.47083333333333,55.75892857142858,77.35856150793651
226,178213,56.46112987706738,65.10288149350649,70.9699851190476,73.77167484956799,76.77178711196714,79.28798504802582
227,186521,55.359456733377385,44.94275793650793,58.73598201907026,49.6655724789916,75.8956740007069,78.34518715659341
228,193348,83.40260416666668,76.72552083333332,77.83666666666666,84.325,47.59583333333334,67.67343656343655
229,199550,57.79216507177033,43.96599702380952,59.13325520884346,59.28307845912259,78.24296047853113,80.47400431166055
230,205243,56.868955746373516,33.559798386662344,42.81428841991341,44.3531045751634,74.5921572224245,80.19646083083583
231,176550,78.1434375,77.2671875,71.928125,81.75,45.708333333333336,71.60952380952381
232,208534,55.557489801864804,43.76116071428571,47.59590909090909,51.958858134920625,73.51438624606388,75.85868378037733
233,212125,89.91897321428571,65.98458333333333,68.7364136904762,82.2,40.78005208333333,54.772673611111124
234,186146,83.20458333333332,75.12700892857143,71.83056652046784,80.1,34.00472222222222,78.24644257329042
235,189446,79.82877331002331,67.07277696121446,70.36231780401683,72.5032673953202,31.6846378968254,56.32413690476191
236,189725,67.8819723153223,69.86636904761905,75.79494047619048,75.88910874538394,56.751988636363635,64.17372023809523
237,201999,65.85202227699838,39.425104166666664,58.79025106837607,68.32386160714286,72.63394307387873,72.72416631828318
238,232544,58.20297342567564,53.83786579599079,58.9078794006919,61.78789840367965,44.333125,58.80194444444444
239,176635,71.49399068322982,75.35530303030302,85.525,86.2375,25.11867294615215,58.670624999999994
240,189963,66.76814505883553,80.5125,59.79104166666666,72.46804247835499,38.34256944444445,81.10595238095239
241,201508,72.43146689436773,74.79985119047619,76.75625,80.675,41.52699592074592,62.39475942460317
242,230005,71.0823427652789,56.30544642857144,67.51182959401709,70.88012989381097,57.02594696969696,70.5229727492687
243,216267,80.903125,59.583749999999995,67.20910141941393,71.5226018170426,71.74996138996138,72.55301670215985
244,228509,75.52807565789473,49.52746031746031,57.76865988756614,68.51086398684143,44.05400641025641,56.67749143217893
245,137782,72.64298611111111,63.14547213203463,71.72532874689232,75.61638924195901,73.88843968837536,73.7796758615484
246,166080,64.3331193172112,71.2122159090909,77.475,76.49492376537738,46.274967532467535,62.81392609126984
247,203747,91.6625,51.832837301587304,68.88438492063491,77.30481494200244,73.58856995892003,69.96041666666667
248,180403,87.859375,75.75381944444445,80.45,85.9125,50.775,62.9875744047619
249,184200,76.1482251082251,74.45613952020202,77.7625,80.7375,50.989285714285714,79.93492105117106
250,197932,84.10415178571428,60.990922619047616,49.76905483405484,63.41037612889985,33.61233149509804,65.33895833333334
251,163418,52.85904581529583,44.00911706349206,56.72967738858365,55.33162961282998,75.14384974863505,79.49176568223443
252,204077,85.30041666666668,72.96172619047618,68.8610515873016,81.35,28.294136843602303,69.96765935223063
253,233528,88.575,54.32958333333333,45.27376893939394,58.41605158730158,22.89468984962406,55.10989583333334
254,161805,63.837268761090385,64.25666666666666,72.36939236518127,71.04175498843263,74.54589619581807,79.01436447702073
255,200309,87.1125,49.723749999999995,58.63440851002342,68.61912991821399,63.9331746031746,75.17461235251676
256,53914,52.11078431372549,45.99839285714285,58.850423669467794,55.87967658730158,81.18805555555555,78.37707568473195
257,153938,51.650104166666665,58.92853228228229,70.80683886614594,72.00681852869353,78.57430555555555,73.4132816911693
258,202052,80.72696428571427,73.24582927489178,60.547555065342365,71.55431246245584,27.75146358849484,71.9806241876403
259,213686,67.12930614961184,33.54859254185358,50.114134199134206,59.571616054084814,55.27395833333334,65.3408705357143
260,184749,62.83027460095144,68.0921875,70.93601023845845,69.2287472555335,67.6379861111111,70.8448287717865
261,186537,68.35405668563207,74.27445391414143,69.5445635900935,71.55400221306472,46.837916666666665,78.35471757878008
262,208333,70.70282905637774,66.47420454545455,75.98376068376069,76.3895120467197,77.85763058729664,82.7646504884005
263,191076,76.93242509941038,71.52826975108225,69.16615404824645,75.71798673590027,49.33095238095238,70.96109041304733
264,165321,67.05532068827584,58.99177993740494,67.76674418052707,68.85797195580602,73.00794523491214,76.20302318577254
265,217699,68.1011287369279,77.40833333333333,67.02616319444445,72.58821022727273,46.67125,83.77800595238094
266,225024,77.02034260878011,42.589265873015876,55.22843335075871,65.62012966157633,67.25350694444444,70.84104218977706
267,226790,74.56355769230768,57.36949404761906,64.08140782828283,65.46599702380952,76.09557855057855,78.26842199181876
268,53739,71.8271875,69.85,69.545,72.78,47.08854166666667,71.90469585969586
269,192362,90.91647321428572,65.5375,67.56436011904763,76.74939258658009,24.740929015246447,60.254791666666655
270,215639,80.26210317460317,66.21079861111112,63.89140740387065,76.08977353743504,47.2125,65.27647505272505
271,188107,78.74268145854833,68.76850694444445,47.259663461538466,67.77520966166188,28.845381042568544,77.60626876293996
272,230882,56.657787990196084,31.902166590354085,37.58050595238095,41.55440972222222,63.24357638888889,61.979209956709965
273,169426,71.01242682686451,53.7504185292053,63.53172619047619,66.17934208152958,75.66045199898142,77.24981669841046
274,2147,74.8934375,74.13258928571429,75.15,76.4375,41.31041666666667,73.46885416666666
275,178287,69.1062619717541,67.54813988095239,71.55073048798299,73.98054223833961,62.6765625,68.3355911270629
276,186561,66.87888462760345,75.39270833333333,78.38958333333332,80.525,65.46770833333332,74.89356646825397
277,187084,82.56153846153846,75.49476190476192,59.581233171510405,67.35747437611408,54.466071428571425,79.8066553034269
278,210972,76.38858402014652,46.07008928571428,64.79833333333333,71.5632833179892,73.07781297134237,72.11070662438227
279,218359,68.64913465773944,58.96326938545688,66.01761949855698,71.68556820215225,73.67249445024261,76.00500673397049
280,229718,66.89679315401995,53.35325643654589,61.57509384600614,64.04209550327546,41.64724431818182,52.703125
281,184082,58.50279243919458,37.250961156898654,53.495627528109154,52.77198764430015,74.20303162252586,81.24144726800975
282,192985,75.01349431818181,83.025,86.3875,85.3125,44.096041666666665,74.98881838341399
283,186132,65.36922552214357,66.06645698051946,74.1375,73.24547799422798,72.48383161976912,75.20950590021361
284,186115,78.344273989899,56.23303728070175,70.27652119362237,74.80098132229179,77.04636410921417,72.35597878010275
285,158626,69.97464302379385,65.31190476190476,71.47807504756875,73.6792162042366,76.88341768064274,76.29599795349796
286,213655,78.26416923389908,61.77571428571429,65.83758928571429,80.51773504273504,28.356841725525943,65.02916125541125
287,218660,80.3076736111111,57.56432990620491,58.06682953042328,67.53947677322677,31.823808625423858,51.268328373015876
288,49212,74.1496875,70.3546875,68.38846153846154,73.8875,42.8125,67.49114583333332
289,165229,74.76864697802198,42.266011904761896,61.874019961519956,64.59361739809745,84.1875,78.03379223886017
290,184469,66.83003746553229,71.44732923326671,73.13632936507936,73.7413451407661,66.3607142857143,76.61830058992744
291,225462,73.42023809523809,58.17659632034632,54.453783555088705,67.15654085497835,26.095599154135336,51.91041666666668
292,230697,62.09068719988303,53.862831073768575,60.00910225769601,63.669252443158676,46.71875,55.75753968253969
293,203841,69.70930975274726,64.925,66.371875,69.15,45.08065476190477,66.571875
294,213956,92.6,60.83333333333333,60.06844967532468,80.3375,25.254376083529046,70.28909722222222
295,186190,85.77708333333334,62.7240625,67.12578756313131,73.9053814935065,70.06041666666667,71.87774426490213
296,225543,61.318055555555546,56.791051136363635,56.6125,62.11875,41.0875,57.95642857142857
297,231410,76.99330128205129,62.46666666666666,56.59874098124099,72.252591765873,23.398314797410194,47.4109375
298,184716,63.59720488087002,61.96916666666666,73.364375,76.89964488636363,69.1953869047619,68.1875
299,216794,67.84961293083136,61.95755952380953,53.780699404761904,62.07471523268398,28.123576852552766,63.858888888888885
300,186578,64.69371445298957,71.08858225108224,68.6156671626984,70.41316910536145,66.64677083333333,70.75966318809188
301,186942,72.30453125,72.12456709956709,81.390625,84.57708333333333,61.9796875,73.47133709733893
302,222104,57.760843494468496,30.8172557997558,44.977608641358636,52.37455695611578,62.50897321428571,68.69785943223442
303,224263,66.32499111419199,33.38115281246532,50.54057765151515,53.23919994588745,58.95208333333333,61.01841540404041
304,224371,72.27097851611009,59.31094696969698,52.55776515151515,66.614375,31.54954326923077,60.93157106782106
305,208339,77.32690972222223,73.4633185911311,58.72813127732483,71.19603984251042,30.802669847513602,71.91460680224795
306,227681,69.5565970146293,59.58232647420148,47.49434294871795,55.727029910449026,23.673663597915244,58.40137626262625
307,184472,81.3811553030303,61.53354967948718,67.92062153124652,71.36156517094017,73.0733711458068,76.33204329881761
308,182495,75.66730769230769,50.23773674242424,62.90500436559408,64.39751519285876,79.353125,75.63021060536686
309,199561,73.1803125,78.55416666666667,76.85,81.5875,39.86376675407926,66.91614583333333
310,201118,79.89510416666667,65.17352272727274,70.60802440649587,76.76947470931844,74.45332109014173,70.63555253623188
311,205540,84.5375,66.781139520202,62.36734673200904,76.73312550170434,46.40083333333333,66.95558486652237
312,232757,64.6124797328755,52.39389788112214,61.835572153540895,64.5313459225959,45.02859848484848,48.88125
313,194845,72.60852729644324,77.88571428571429,78.6125,80.875,42.4113141025641,71.37356564153438
314,186385,68.11701046072133,63.006522817460315,71.14430307539683,70.12838578818841,68.81715367965367,71.73333234575881
315,192366,64.0803994838475,54.967014187803656,58.91687155793685,54.602561566293176,82.92708333333334,80.343795995671
316,163824,65.14251551582596,41.955416666666665,56.54787431318681,60.56569128787879,81.15,81.19303938060732
317,177604,73.87657065157065,53.8508998348143,71.49151403743315,74.48330147861397,79.7165625,73.28094607466643
318,208461,65.72167642571021,64.37201893451893,69.0152052479684,68.18762581168832,75.10913301245537,79.17187664254243
319,170084,73.2334375,74.26852678571429,76.9375,72.8625,41.92354166666667,74.82306547619048
320,211505,53.19669642857142,32.43919917582417,40.65386904761905,41.552475198412694,56.478125,62.64212662337663
321,172966,59.50571926550314,42.46014880952381,56.84420529701779,63.13152716222616,70.13767857142857,69.68847163865544
322,191648,63.13775777514995,40.568954899267396,52.48053728746743,61.19827475314288,75.5300113529431,75.59791337361311
323,233934,63.23752254689755,58.450634469696965,55.615625,66.60625,37.96666666666666,58.951220238095246
324,234249,58.17582521645022,57.611215363090366,44.40382783882784,55.48708333333334,30.52745770204168,65.87604166666668
325,234706,79.04734848484847,38.67993516899767,46.61604166666666,61.371549830198546,48.579166666666666,55.702430555555566
326,164859,90.5678125,76.04305555555555,72.31466392390288,80.7125,39.687008547008546,65.46782986111111
327,180819,72.45035995631785,74.45500992063492,79.7,84.11458333333334,64.15636904761905,73.02946180555556
328,188484,82.890625,72.74723079004329,58.074100274725275,74.07084355901452,27.892668494699745,71.55880312339988
329,182744,78.3125,67.0765625,67.72193070409982,73.18082976459814,74.22857182017543,77.83388674294926
330,232099,68.65342994161857,68.04583333333332,67.32893736471861,68.45781205926427,71.07303313181603,77.68076127391346
331,183385,67.94608309248626,67.63784090909091,67.31290561868686,68.53154651924872,64.05638888888889,80.06347808441559
332,191089,67.81950879166831,72.64606737012988,60.78409510516366,67.74329969662689,28.755688443500947,77.21876515543634
333,192613,74.41010416666667,75.88883928571428,69.5125,77.87083333333332,43.413125,76.49035714285715
334,216003,80.10833333333333,60.60458333333334,68.6107481060606,70.99630247701482,48.625,55.945312500000014
335,163761,64.04788732988119,38.538037464986004,51.12146250808014,54.60144504392666,76.97502808108071,76.8436943340476
336,193061,79.07000000000001,68.28125,80.2375,81.5125,67.05649801587302,69.31212187118437
337,163631,70.65802731311564,72.25373376623375,79.6125,78.26385416666668,80.0703125,72.59594806429077
338,230666,86.49166666666666,78.42291666666668,71.36796491251697,86.13541666666666,27.967810782967028,66.00607638888889
339,201884,80.48352678571428,70.14885281385281,74.4921875,75.67281973612137,64.83616071428571,69.17693712537462
340,202652,91.5875,72.38886363636364,74.23256578947368,85.0125,47.3425,62.164583333333326
341,236464,74.04890682722365,58.845000000000006,48.780054563492065,57.748898809523816,24.623685515873017,58.89422348484849
342,139313,63.27294178596958,68.3,75.9417905623788,70.522638507326,75.46530872553132,76.70708045074933
343,177922,84.60666666666667,72.71734487734489,71.59046790925196,75.8773504570432,33.13898809523809,62.8611038961039
344,160292,52.79407800532802,67.37378472222221,74.65633928571428,70.76818955167639,68.30559523809522,70.90224253638695
345,164459,55.4989585020243,73.47152777777778,76.78888888888889,73.12252869274542,61.952083333333334,72.22101155589046
346,190824,82.47169719169719,55.454389880952384,70.76609254724744,75.56432017639196,69.83111291486291,70.68365159826557
347,194146,58.91960331335332,33.82640568459318,42.9979788961039,51.79403116246499,68.5625,74.85712437622763
348,213697,64.81432770187543,48.7587726244344,58.34102479186119,64.17352345297246,72.90261696661513,73.35931124319228
349,213051,59.99472098886148,61.888009906759905,72.52547572509171,69.85500967782218,72.09804849970291,76.84060725256539
350,215211,60.56475229631479,30.665223290598295,49.33801136363636,58.55717893217893,65.2480357142857,67.22610072499185
351,199286,78.04780618686868,58.84780022061271,69.10599979568487,73.83405405766618,72.17408053902618,74.6154981360496
352,202695,63.260767658763406,38.830953733766236,57.231049679487185,62.76914309374837,74.62839764988203,76.80635945877793
353,229348,77.27150058275058,34.24607356981254,43.22612824675325,60.10273200757577,60.93511904761905,51.79375
354,168542,68.63720500205949,74.5109375,83.2625,87.23333333333332,38.369771825396825,60.49385416666668
355,172953,69.0116878530413,35.31244803603259,57.96145451362363,63.6784899163064,74.7431626592523,72.60943452380951
356,163264,79.57815972222222,78.26041666666666,74.3375,82.84583333333333,52.311428571428564,78.7046875
357,203331,86.49541666666666,53.06833333333334,58.86815927314918,69.39505930970742,34.82817708333333,60.29564393939394
358,223963,66.21895459480993,33.354584339271845,48.556711309523806,53.988768398268405,62.123035714285706,65.33077609890111
359,170815,67.8059876811385,70.6183170995671,77.62847222222221,76.19126208319756,73.66697916666666,73.39021111411736
360,179527,78.33653846153847,76.73472222222223,66.22224341630591,73.50758183197522,33.71830357142857,70.30920471012709
361,198784,89.196875,70.13676948051946,73.76172227443608,84.05208333333334,49.40699404761905,70.70100022496919
362,205897,67.43112470695034,53.677604166666676,67.73979994882568,71.43304053585304,69.63329545454545,73.95803241347245
363,205566,88.37604166666667,65.6140909090909,68.65920051353876,77.62058971774194,68.09005952380951,72.31460317460318
364,220295,82.71350274725276,73.27787202380952,65.7028253517316,73.72799385663356,44.598333333333336,70.74475364070358
365,206304,59.68239519892553,63.010000000000005,69.80648200757575,66.40665358946609,72.15278943704931,78.05276967236885
366,50542,73.97277014652015,83.495,62.69853878648233,78.06364583333334,25.20351196130366,65.48743551587302
367,166838,71.48901551082258,66.20072916666666,67.95674432602422,75.95433870229233,39.08586271367522,68.28852683567797
368,179592,65.58428179654308,69.58322510822511,70.30130263686543,74.2309670218894,58.57083333333334,69.92139848611355
369,157665,45.1748106060606,40.073125,52.614202221389725,48.50654761904762,78.28673611111111,77.77309413563489
370,169705,77.78152597402598,52.117096861471865,70.43484331232493,75.7644282106782,78.80507246376811,75.38353788749968
371,200408,61.69154814255553,28.049532428355956,47.46227345571096,47.4546626984127,75.48178490932193,72.0918297663358
372,204485,81.39444444444445,74.40677083333334,76.89500000000001,87.28333333333333,29.763155525030527,56.19117063492064
373,206489,74.69270021946652,36.97170793054985,57.14824140745007,66.17487152933272,64.44998015873016,70.25970471521941
374,183108,82.48541666666668,74.36235119047618,75.83958333333332,82.0,56.064488636363635,73.22828520717634
375,190324,74.39287587412586,49.20341224747474,55.10926149830563,64.35421810799917,75.45342390270343,80.61338864148844
376,210389,81.3061217948718,45.16133432539682,60.22095737204104,59.79487499999999,56.91875,66.44510416666667
377,192129,73.38718750000001,70.31163194444444,69.19545454545455,72.995,49.47794642857143,73.93491013071895
378,193474,74.02013257575757,60.247123015873015,70.64506944444445,76.56088383838384,81.46458333333334,79.94726245976247
379,159577,34.41875,42.659523809523805,50.75109172077922,42.67586805555556,74.12546074735954,78.12615783410139
380,199812,64.81833333333334,62.4125,66.75295454545456,64.69375,42.394196428571426,63.609375
381,216325,66.39038825757575,62.10303030303031,65.1825,66.28625,46.545833333333334,63.85277777777778
382,199667,66.93771225205803,48.14540335213033,59.94282366138894,64.63058059927548,75.4670631239537,77.93260114885115
383,220182,74.72916035353536,41.74338942307693,58.01275027056276,63.73777167277167,74.00385691565378,74.21498223886327
384,190885,75.53531521618478,53.8810581140351,67.90486787518039,73.00414231601732,70.02959505772004,69.72490817053317
385,221350,84.94958333333332,63.202083333333334,49.41828373015873,67.96469807554682,25.04625962117303,55.99637896825398
386,195668,74.13718750000001,73.73484623015874,71.0625,75.9375,46.968125,74.86176739926739
387,223979,77.84782196969698,62.18826388888889,56.966562499999995,70.27592672413792,34.92924446060475,50.970937500000005
388,151508,65.14608858676965,61.55657051282052,76.66597222222222,77.17577335858587,67.3584393037518,73.39664876639061
389,155976,45.47291666666667,75.24005456349207,79.3875,68.5348721590909,58.32594696969697,72.56421130952381
390,186805,90.1109375,68.54416666666665,72.54479802494548,82.51388888888889,31.31626488095238,65.98714400183151
391,205569,65.97736551214497,65.0670928030303,82.8,74.38333770396271,62.47916666666667,67.84520998677249
392,51257,37.68846153846154,74.92594696969698,68.57782738095239,66.54690656565656,32.62085317460318,70.65297333623946
393,169600,70.04141486374037,40.496796085858584,61.57178054472409,66.65217099076222,75.96027785179513,75.98370112516491
394,179746,58.39228329709076,74.80902777777779,62.73777867965369,69.32821165966386,41.66507783882784,81.76788065044859
395,203042,79.4703125,81.3875,71.940625,83.325,41.61458333333333,77.16056985294117
396,172962,82.41372596153846,71.20904626623377,71.54046968825227,81.83888888888889,67.73722222222223,72.4435564983851
397,180283,63.06752221035875,74.3474503968254,81.128125,75.456397609447,63.827604166666674,70.97272829972317
398,183277,89.0125,81.490625,84.125,89.9,31.57640625000001,65.74887346877156
399,231172,57.791250000000005,54.903125,58.0,58.30958333333333,34.07291666666667,58.216319444444444
400,153079,87.059375,86.0,76.0125,88.4125,23.73286838978016,71.55102593992338
401,205990,65.89324663871295,52.05149266340443,66.25599860209236,65.09944346738259,64.68784722222223,70.75228174603174
402,206534,73.60391502987542,69.79791666666668,59.64703192640693,69.89374428063766,34.43791814802844,64.21561736874239
403,216270,67.75528314974432,53.05945941070941,61.171522054334545,62.24153273809524,45.44,56.48973124098124
404,190683,66.69510432835537,67.875,75.23244047619048,73.14130177114552,69.42016594516595,68.5703125
405,199422,64.4842730199874,60.54375,77.2625,74.8531388331848,66.8453125,73.32652777777777
406,54033,43.67215909090909,69.9375,78.875,67.03530701754386,70.16111111111111,74.3859375
407,189271,66.32819121841602,53.273178746928735,67.95757079725828,74.91570444023567,78.23472222222222,78.90054838951899
408,204311,65.78272836261968,50.416792086203856,58.44489682362844,55.00225108225108,79.13110042735043,81.54168139831184
409,222492,91.40729166666668,75.13693181818182,70.99355263157896,84.01041666666666,35.064719887955185,68.24332086894587
410,229901,46.83288690476191,28.78082722832723,44.237955863580865,52.30617897992529,57.72053571428571,65.92809523809522
411,231281,80.91800595238097,57.5306231962482,68.84427083333334,67.05964134584286,63.21984126984127,65.27284722222223
412,231639,65.47097989994283,32.548565069326095,43.95791666666666,55.737974747474745,54.28125,58.35462211399711
413,198511,72.48302083333334,70.0125,69.625,74.4125,40.663125,73.85
414,221618,80.21291666666666,70.90941558441558,43.47745941558441,68.81122023809525,24.237806056334016,63.368777056277054
415,182168,45.91081002331002,34.91996628371628,55.432246586134454,60.40361274142525,77.0834928470825,76.03938700076803
416,203574,70.71591674727019,36.65484386936593,65.14486111111111,70.54245459401709,79.83083333333333,76.88517195555758
417,152690,67.52184659090909,66.5875,65.1375,67.03,37.0925,70.14861111111111
418,179844,75.45895833333333,80.515625,65.17439393939395,76.6471438172043,40.196041666666666,82.93948187229437
419,195859,82.79298611111112,74.12806922244422,64.19829187356761,76.9797299827189,34.4545520002873,71.277218447863
420,235855,87.19125,61.16020833333333,52.43514268207282,69.76407917035071,23.747945253759397,54.72118957431458
421,189067,50.050144473581966,34.61466979997127,50.7080530886597,51.549294059290375,76.54389502157095,74.90898178098783
422,194932,84.759375,74.56950757575758,71.97698932680946,80.175,31.882826482566713,62.14767857142857
423,164468,63.68335947774267,58.6653226342371,53.50958006760396,61.2654665646853,83.77916666666667,77.94484790496338
424,198335,74.34606802331918,60.85120093307594,68.04347006556246,74.56468550043147,69.58569624819623,68.38104166666668
425,155355,72.98942852377886,63.31575450450451,71.20535113454656,73.14025252525252,49.123333333333335,62.278561507936516
426,185422,88.80729166666667,73.935,60.87115554472409,75.4885648978038,29.906082927489184,68.86427291504616
427,221545,64.90304523414936,47.01412698412698,58.86516768532393,54.925334969972845,42.27791739510489,52.66740079365079
428,199576,58.69025819385196,41.5383630952381,66.13609952547453,63.66297174639086,76.20259137426902,82.58886848094247
429,204289,79.34074900793651,77.06803571428571,57.7246209999151,75.85575828185729,27.52501346697893,62.18209686147186
430,222922,65.63842618594165,48.10450980392157,66.18443128052502,66.55043783224279,47.267812500000005,50.64791666666666
431,192638,76.9071699134199,66.53575757575757,73.96884560973511,76.13490423387096,75.88385633751498,78.87120350604727
432,176546,84.46354166666667,65.30334415584416,70.78754280113162,80.975,67.75684523809522,70.08064732142859
433,179613,75.89500655594405,71.33024891774892,69.26490039327567,74.42182934169325,39.25348897630148,76.78637716450217
434,183427,74.47606398809523,69.04315476190477,73.70848214285715,81.69821428571429,67.84186507936508,73.43052083333333
435,190456,82.95239583333333,61.02560606060606,70.67157574247646,76.97517114050402,80.2559375,76.14563294521976
436,229984,75.91769957564365,43.5225,64.49740936147188,70.993375621519,65.5692131132756,68.08979166666667
437,163261,62.88673624396584,57.80401839339339,60.02040497305114,64.66445890333553,73.73130314900608,76.03677556231224
438,201911,73.59870042563907,66.22881944444444,55.41554521867022,68.90645354047663,34.51498774509804,61.551560245310256
439,236246,72.6878950361914,56.794775969150976,63.86090367965369,68.66804487179488,44.73317307692308,65.90562805250305
440,140415,55.94719572910749,55.89034090909091,76.65208333333332,76.73972222222221,70.21298701298701,68.77447916666668
441,165788,51.49650386163544,72.64044507575758,61.79259906759908,68.88976905877061,42.045625,79.6280046583851
442,172203,75.3725,77.5625,70.725,79.4375,37.354166666666664,76.18068452380953
443,200765,68.17474214319236,51.645866788054285,64.5118005952381,73.3280449585137,75.78031410177702,75.92201855904982
444,205989,63.515118614482255,51.297947754859514,65.6151388888889,68.98236944524774,74.9194847791317,75.76917430251305
445,163625,62.291150179174664,66.16041666666668,71.7691057138708,65.67180555555557,65.94560515873015,72.49567931671713
446,230899,83.26458333333332,67.09727182539682,49.25881944444445,71.41784823224162,19.70280663780664,60.34403409090909
447,122849,74.52248015873016,73.38540688478189,61.85760466851698,73.36101044214472,35.14541666666666,71.83211805555555
448,196978,89.82897321428571,73.25043740981242,64.46103084415586,73.86983733688696,36.052343750000006,75.78637347190656
449,207807,88.675,64.12125,67.88104166666668,76.40054507488477,43.39839743589744,57.19516369047618
450,218661,62.908546620541884,55.75109000234001,63.982331349206355,66.81933434042807,47.02791666666667,57.77353084415584
451,193884,70.10439483774161,65.9403125,69.65121714570482,71.06259168406459,60.90520833333333,69.09713928432677
452,120312,32.955,32.94937697718947,46.70038961038961,40.88487540849673,76.73088355236382,73.80884178321678
453,220031,67.56162389906557,63.14375,45.282569860694856,55.6118215771157,22.7296848893066,61.454834956709945
454,172723,80.28958333333333,81.760625,71.37916666666666,82.6375,52.019375000000004,78.56037202380952
455,227995,68.44846323891451,57.06053571428572,61.79944444444444,61.05073390151516,50.80773809523809,58.31436237373737
456,172175,83.29372596153846,76.70411255411256,77.275,82.7625,46.803125,64.93897569444444
457,218659,75.57529607636515,38.22505614483556,59.745381558965235,64.59096992168111,66.5063244047619,67.64207589285715
