,player_fifa_api_id,Rating,Crossing,Finishing,Heading,Short_Pass,Volleys,Dribbling,Curve,Freekick_Accuracy,Long_Pass,Ball_Control,Acceleration,Speed,Agility,Reactions,Balance,Shot_Power,Jumping,Stamina,Strength,Long_shots,Aggression,Interceptions,Attacking_Position,Vision,penalties,Marking,Standing_Tackle,Sliding_Tackle,GK_Diving,GK_Handling,GK_Kicking,GK_Positioning,GK_Reflexes,Work_Rate,Name,Height,Weight,Age
0,163631,83,91,70,74,81,63,77,81,82,74,76,76,75,75,80,85,84,72,86,69,75,74,80,75,76,90,83,84,84,8,15,10,13,12,high / medium,Leighton Baines,170,154,30
1,50327,77,77,67,56,82,73,82,75,76,76,81,75,64,88,76,87,76,60,69,60,73,71,62,74,81,63,61,39,36,9,16,12,11,11,high / medium,Steven Pienaar,170,146,33
2,201988,78,23,26,80,70,21,39,49,42,56,66,57,53,48,72,48,27,76,68,79,29,78,82,36,44,42,82,79,78,12,12,13,14,12,medium / high,Federico Fernandez,190,183,26
3,179527,81,61,83,81,77,71,73,66,51,60,76,89,91,77,77,65,78,90,75,72,77,57,48,81,71,78,23,24,21,9,10,15,14,12,medium / medium,Loic Remy,185,176,28
4,182495,81,68,38,76,65,65,60,72,41,65,65,83,83,85,78,77,71,93,75,71,59,80,85,47,58,50,87,87,87,2,3,4,2,4,medium / high,Martin Caceres,180,172,28
5,176266,79,63,23,65,77,47,69,66,47,73,74,55,57,70,78,73,71,82,77,73,35,83,83,52,69,61,80,80,78,10,8,8,5,6,low / high,Lucas Leiva,177,161,28
6,185422,69,63,65,53,69,67,76,69,42,47,69,89,92,76,69,71,74,66,70,57,58,36,36,60,56,62,22,27,19,12,9,11,12,7,medium / medium,Joshua King,180,163,23
7,13732,85,42,46,90,66,55,45,44,31,64,63,33,34,44,85,46,61,78,67,86,33,88,86,38,59,52,87,87,85,14,5,6,15,8,medium / high,John Terry,187,198,34
8,138412,80,86,68,69,85,79,77,81,79,82,78,72,70,71,84,73,87,64,91,71,81,71,72,77,78,79,67,68,70,1,1,1,1,1,high / high,James Milner,175,154,29
9,169527,73,69,72,72,69,71,75,31,34,54,69,66,76,56,75,44,77,56,69,85,71,71,43,73,68,65,44,42,41,10,6,15,16,12,high / medium,Victor Anichebe,185,176,27
10,190683,75,70,64,55,81,64,71,70,66,77,74,68,71,74,72,77,72,48,82,58,71,75,68,74,76,69,69,72,67,7,10,10,16,14,high / medium,Ryan Mason,175,150,24
11,191202,84,68,64,77,84,74,78,68,67,81,79,66,68,53,84,53,78,71,90,90,75,83,88,70,77,69,78,85,78,7,15,12,14,9,medium / high,Nemanja Matic,193,185,27
12,203574,77,62,29,74,78,27,66,26,29,64,75,72,72,63,76,54,46,72,76,77,41,70,75,48,59,37,79,80,81,7,15,11,10,8,high / medium,John Stones,187,165,21
13,202811,65,22,16,26,27,23,13,22,20,46,26,59,57,49,57,49,28,60,14,70,26,37,13,12,19,42,12,20,20,68,63,74,63,69,medium / medium,Emiliano Martinez,193,187,23
14,3484,75,63,29,77,61,32,46,55,35,58,68,42,32,51,74,54,49,61,66,77,23,78,77,32,55,47,77,79,76,9,14,13,10,14,medium / high,John O'Shea,190,185,34
15,186200,76,70,76,75,75,75,77,65,61,62,75,79,77,78,77,64,76,71,75,66,66,70,30,78,69,81,13,26,24,11,6,8,12,6,medium / medium,Fabio Borini,180,163,24
16,153079,87,70,90,68,83,85,89,82,72,63,89,92,86,86,87,90,85,76,69,71,81,57,24,90,83,83,13,20,12,13,15,6,11,14,high / medium,Sergio Aguero,172,163,27
17,164459,74,90,72,66,76,74,74,86,84,74,77,51,62,65,76,75,81,70,79,67,79,82,59,70,78,78,64,61,60,7,11,14,14,8,medium / medium,Sebastian Larsson,177,154,30
18,189324,75,11,17,16,33,12,17,15,18,35,17,58,56,35,69,43,20,68,35,63,14,35,22,16,50,41,13,13,12,79,73,61,74,81,medium / medium,Alex McCarthy,193,174,25
19,176550,78,11,10,15,36,12,12,10,13,32,32,34,34,44,70,50,35,75,29,38,12,20,25,16,40,26,10,13,12,83,71,78,77,84,medium / medium,David Ospina,182,174,27
20,179746,71,51,74,78,64,63,66,47,46,55,72,61,65,61,68,53,71,85,78,82,63,73,42,73,62,71,42,29,24,13,14,9,9,7,high / medium,Sam Vokes,187,198,25
21,225539,65,49,65,62,60,59,66,42,39,43,72,78,73,65,50,70,65,73,50,67,59,31,22,65,53,70,24,15,22,9,15,14,9,10,medium / medium,Dominic Solanke,185,165,18
22,155976,75,82,74,69,81,75,72,79,76,81,76,55,46,63,68,68,85,66,59,77,81,88,60,77,84,83,58,61,57,8,7,9,6,6,medium / low,Charlie Adam,185,181,29
23,166838,71,70,70,66,68,49,75,60,69,59,73,78,76,84,60,66,67,63,78,66,66,60,37,70,67,64,30,44,31,14,15,13,8,10,high / medium,Marc Pugh,180,159,28
24,140415,77,65,55,41,85,47,76,61,58,79,81,67,67,77,78,91,51,70,75,58,48,77,73,55,82,59,70,75,69,10,16,7,7,15,low / medium,Leon Britton,167,143,33
25,168542,88,85,72,54,92,80,87,83,77,85,91,79,68,93,84,88,71,66,68,56,79,51,41,83,93,77,23,30,29,1,1,1,1,1,high / low,David Silva,170,148,29
26,186521,76,51,39,79,76,51,40,51,42,63,63,62,68,70,64,51,56,76,71,81,42,78,73,33,53,52,80,76,74,11,15,12,9,12,medium / high,Bernardo,193,187,26
27,189242,84,74,70,47,85,75,87,84,72,78,88,89,77,91,75,91,79,59,73,55,80,35,30,76,87,64,24,38,35,12,7,9,14,6,high / low,Philippe Coutinho,170,150,23
28,199422,78,70,26,27,84,73,71,80,70,79,81,68,65,75,79,90,77,56,83,69,71,86,81,65,84,64,64,73,61,11,11,14,10,7,medium / high,Jordy Clasie,170,154,24
29,187489,71,66,61,71,75,63,68,50,54,73,73,54,63,61,73,58,69,70,81,78,60,85,65,65,68,47,61,68,60,13,9,14,15,12,medium / high,David Meyler,187,190,26
30,203376,77,53,53,74,71,43,69,60,70,76,70,66,67,57,69,51,81,76,72,92,64,74,78,41,59,64,77,79,74,13,10,13,11,11,high / medium,Virgil van Dijk,193,203,24
31,205540,71,66,65,35,65,50,77,65,24,56,74,86,86,74,64,80,68,60,69,71,65,34,46,67,54,57,45,55,53,13,15,7,13,13,medium / medium,Jordon Ibe,175,179,19
32,222634,70,57,68,62,55,51,74,56,44,44,72,84,87,76,65,57,80,81,66,83,59,46,21,67,54,68,23,33,24,8,15,14,8,10,medium / medium,Success Isaac,185,190,19
33,163824,81,32,37,82,70,34,57,34,23,74,69,68,74,58,77,59,64,86,73,86,40,83,83,28,53,45,76,85,79,7,10,16,7,10,medium / high,Ashley Williams,182,201,31
34,170084,73,11,19,14,12,15,11,12,14,13,19,50,41,50,64,51,34,41,29,68,14,21,22,14,65,17,15,18,13,72,74,82,76,72,medium / medium,Wayne Hennessey,198,198,28
35,184749,71,68,64,61,73,64,66,57,57,71,71,66,64,65,69,72,71,67,74,64,73,76,70,77,73,61,66,68,68,6,15,14,15,6,medium / medium,Dan Gosling,182,174,25
36,204210,74,58,54,74,64,53,60,35,46,64,63,55,55,51,70,53,37,64,75,81,49,73,73,37,40,50,76,76,76,10,9,16,15,11,medium / high,Florin Gardos,193,194,26
37,184111,82,58,82,85,72,74,75,60,67,48,81,75,79,74,75,48,85,82,77,92,76,76,29,81,73,77,25,30,18,14,5,12,8,5,medium / medium,Christian Benteke,190,183,24
38,189505,83,78,80,55,83,70,84,81,57,74,85,86,79,84,85,82,71,67,78,55,73,56,49,84,74,66,30,32,31,5,11,12,15,9,high / medium,Pedro Rodriguez,167,137,28
39,169600,71,68,27,70,62,50,64,44,32,57,63,76,71,63,73,81,37,78,79,71,54,77,65,58,63,54,70,75,74,10,15,13,9,11,medium / medium,Danny Simpson,177,170,28
40,177358,82,67,64,65,83,56,73,68,61,83,79,69,59,66,82,66,71,72,90,78,56,85,86,67,75,56,77,84,82,6,11,12,14,7,medium / high,Morgan Schneiderlin,180,165,25
41,210389,58,65,35,35,51,23,46,61,27,51,55,77,79,56,59,75,40,64,70,46,49,49,48,55,44,40,53,56,52,14,12,15,13,8,medium / medium,Brad Smith,175,154,21
42,190456,81,80,54,66,76,45,78,64,39,67,76,87,86,84,75,76,74,73,87,71,69,76,76,64,64,46,80,83,86,10,11,13,15,7,high / medium,Nathaniel Clyne,175,148,24
43,194334,71,35,35,72,59,29,53,43,33,61,64,66,64,62,67,44,42,62,67,73,30,67,72,40,60,38,75,74,70,15,8,15,6,10,medium / medium,Daniel Ayala,190,185,24
44,197756,76,70,77,77,76,74,77,77,71,60,76,77,77,81,77,72,76,70,71,74,75,75,33,74,68,74,23,22,25,6,8,7,16,8,medium / medium,Jordan Ayew,182,179,24
45,54033,74,76,60,72,81,79,66,68,74,79,82,34,50,34,73,44,91,57,41,87,75,77,74,63,84,72,70,68,66,10,7,11,9,11,low / medium,Tom Huddlestone,187,176,28
46,122849,76,61,75,73,65,71,78,57,56,49,75,75,81,75,75,61,84,78,73,84,70,47,28,77,66,67,22,43,26,10,6,7,12,7,medium / medium,Arouna Kone,182,179,31
47,152514,75,84,74,41,74,71,80,71,77,70,75,81,76,76,70,79,77,73,73,68,75,62,32,74,74,73,26,46,38,13,13,14,16,12,medium / low,Jason Puncheon,172,157,29
48,153938,76,80,56,76,70,43,73,63,57,71,75,64,60,68,75,55,66,75,81,76,59,68,82,65,71,59,78,80,77,13,16,8,6,6,medium / medium,Angel Rangel,180,181,32
49,190824,72,75,42,60,69,55,75,72,62,64,72,85,82,83,71,79,71,52,74,57,57,70,65,69,69,42,72,71,73,8,11,12,6,6,high / medium,Omar Elabdellaoui,177,161,23
50,199354,74,71,72,55,78,70,76,79,82,73,75,78,78,74,71,76,75,63,69,71,69,70,37,68,77,71,23,23,25,13,7,7,9,9,high / medium,Lucas Perez,180,172,27
51,201305,78,67,51,73,69,48,60,55,46,69,65,68,72,69,78,71,61,75,74,77,57,74,80,51,61,51,83,86,80,15,6,15,15,7,low / high,Gabriel Paulista,187,159,24
52,197061,80,54,36,86,77,50,63,63,22,77,71,67,77,62,80,50,66,65,75,79,48,70,83,51,71,42,81,83,77,11,15,10,7,10,medium / medium,Joel Matip,195,198,24
53,204935,65,17,19,15,28,20,14,18,16,18,21,48,41,33,58,67,22,59,44,50,13,23,24,18,34,41,14,20,12,68,58,79,65,69,medium / medium,Jordan Pickford,185,170,21
54,163587,76,18,12,16,21,15,12,13,15,18,24,40,50,62,70,47,36,60,35,56,14,33,20,14,56,26,14,14,13,79,71,85,72,81,medium / medium,Kasper Schmeichel,185,168,28
55,187084,78,62,82,88,67,71,65,32,36,31,70,91,89,75,76,68,80,91,79,78,64,70,51,78,60,75,42,29,21,1,1,1,1,1,medium / medium,Mame Biram Diouf,185,174,27
56,204311,77,54,47,77,62,47,48,59,60,56,67,69,77,48,75,52,56,84,72,85,49,74,76,53,57,61,77,79,76,14,14,7,9,15,medium / medium,Kurt Zouma,190,187,20
57,140620,77,52,38,78,72,34,56,48,34,73,70,63,69,61,75,56,67,78,75,78,56,77,75,38,60,44,80,82,77,11,15,11,10,12,high / medium,Ragnar Klavan,187,187,29
58,189725,77,74,64,48,83,68,79,59,62,80,80,76,74,69,77,77,74,62,73,56,75,71,65,74,77,72,47,59,49,15,11,9,12,13,medium / medium,Tom Cleverley,175,148,26
59,137782,77,73,58,68,75,56,78,69,54,70,73,78,77,73,74,68,79,77,79,72,70,75,69,60,68,60,77,78,81,13,7,7,6,7,high / low,Glen Johnson,182,154,31
60,213648,73,66,52,60,77,54,76,69,70,74,78,68,67,73,72,75,76,64,73,74,69,66,68,60,75,51,65,70,64,9,7,12,11,11,medium / medium,Pierre-Emil Hoejbjerg,185,185,20
61,165190,74,68,64,73,77,53,71,72,53,72,73,71,69,64,77,72,70,79,87,78,67,70,68,69,78,71,72,71,65,13,13,8,10,13,medium / high,Joe Ledley,182,161,28
62,203747,74,70,52,59,72,41,74,63,50,59,71,89,92,84,67,77,52,62,73,61,43,72,73,61,55,62,72,74,73,8,14,14,13,12,medium / medium,Hector Bellerin,177,163,20
63,213051,71,67,65,57,75,39,68,62,61,71,73,61,64,67,60,62,72,71,92,73,71,71,72,63,71,62,68,69,66,7,15,15,12,6,medium / high,Mohamed Elneny,180,157,23
64,223947,62,54,63,63,57,61,64,42,37,53,61,76,73,69,50,59,63,73,44,65,61,58,20,60,41,57,24,24,23,11,8,11,12,15,medium / medium,Jonathan Benteke,187,168,20
65,200759,69,64,56,62,64,64,74,62,34,53,69,87,86,81,69,80,74,77,76,81,53,68,65,63,61,68,64,67,61,9,7,8,10,9,high / medium,Jeffrey Schlupp,177,159,22
66,203775,78,14,18,14,35,14,16,12,14,37,23,48,50,51,78,39,20,73,30,39,16,18,13,8,41,19,13,11,13,80,74,74,77,84,medium / medium,Loris Karius,190,192,22
67,204847,68,64,32,51,59,34,66,41,35,55,65,79,74,56,60,68,68,65,79,56,51,58,65,59,39,50,69,69,71,9,13,16,14,6,high / medium,Todd Kane,180,154,22
68,201118,78,79,57,65,75,68,76,66,68,69,76,79,78,76,76,83,84,73,87,64,78,77,76,71,64,60,77,79,80,11,14,12,12,11,high / medium,Cedric Soares,172,148,24
69,204289,76,51,82,67,62,68,76,63,61,55,77,85,81,74,71,71,81,62,64,62,68,47,33,79,54,81,20,18,23,7,11,14,10,15,medium / medium,Saido Berahino,180,183,22
70,171972,76,66,56,60,78,51,72,54,69,76,79,67,64,75,74,78,65,53,79,73,61,81,75,71,71,69,73,74,71,1,1,1,1,1,medium / medium,James McArthur,177,141,27
71,199633,74,75,49,69,71,75,69,62,40,61,72,74,72,69,76,65,72,80,83,70,68,74,76,60,60,49,70,75,75,11,6,6,13,7,high / medium,Matthew Lowton,180,172,26
72,158372,76,75,71,46,81,72,81,79,75,74,82,77,77,77,71,79,78,75,58,58,78,45,48,73,74,70,36,43,32,14,7,10,12,8,medium / medium,Ibrahim Afellay,180,168,29
73,163261,72,65,47,67,68,43,61,66,33,59,67,67,67,68,74,62,83,75,78,74,61,83,67,56,25,56,77,77,80,11,8,9,9,8,medium / medium,Phil Bardsley,180,163,30
74,167943,79,77,71,70,84,73,75,80,81,82,83,66,68,74,78,77,82,70,80,68,80,77,76,71,82,84,70,73,70,14,9,16,8,12,medium / medium,Yohan Cabaye,175,157,29
75,225100,67,57,26,66,65,24,65,41,29,53,65,79,80,64,65,70,41,64,67,76,26,56,62,51,39,26,67,71,69,8,13,14,7,7,medium / medium,Joseph Gomez,185,170,18
76,135451,75,15,15,14,23,13,15,12,13,19,25,50,52,56,74,53,30,76,27,64,14,40,20,12,19,41,14,14,15,81,67,62,74,81,medium / medium,Heurelho Gomes,190,181,34
77,186146,79,69,77,80,83,76,81,61,62,64,79,86,84,85,78,64,77,84,84,75,75,77,22,82,69,70,23,38,33,9,10,6,12,16,high / high,Danny Welbeck,185,161,24
78,216791,63,31,30,64,55,36,46,35,34,39,50,63,54,49,53,57,44,74,64,75,26,60,59,31,31,48,67,64,60,12,12,7,12,11,medium / medium,Matthew Pennington,185,170,20
79,184716,77,68,58,44,84,38,77,58,50,75,79,72,63,79,82,91,63,78,79,53,60,63,74,67,76,52,60,74,66,10,13,12,6,8,medium / medium,Joe Allen,167,137,25
80,189271,78,60,45,50,78,43,74,55,41,72,78,69,70,76,76,83,71,70,79,74,59,88,84,64,73,52,72,80,77,9,9,8,10,15,medium / high,Francis Coquelin,177,163,24
81,186942,82,74,65,53,88,75,85,81,73,81,85,77,74,82,84,83,77,62,74,74,73,68,78,76,85,76,57,63,64,11,14,5,5,13,high / medium,Ilkay Guendogan,180,176,24
82,198335,71,72,61,48,68,58,75,59,63,64,73,79,73,79,72,79,66,82,79,58,59,72,69,66,66,56,73,72,70,11,12,8,10,16,high / medium,Bryan Oviedo,172,143,25
83,208920,69,57,41,59,75,52,63,63,59,69,69,77,75,66,73,63,63,71,64,67,56,64,69,42,50,48,67,74,71,10,7,7,16,10,medium / medium,Nathan Ake,180,165,20
84,215639,70,37,64,66,68,55,78,60,54,62,77,86,81,85,66,62,75,69,75,70,66,34,20,68,65,67,17,14,18,11,15,11,15,12,medium / low,Kenedy,182,170,19
85,204233,61,55,53,14,60,52,71,54,52,55,62,82,75,79,59,85,46,27,46,21,58,18,16,47,59,55,16,18,22,6,6,7,8,9,medium / medium,Charly Musonda,172,146,18
86,164853,73,19,18,18,28,32,19,27,21,25,27,47,49,50,72,42,17,73,41,72,14,44,22,16,16,41,20,11,18,75,69,82,70,75,medium / medium,Adam Federici,187,198,30
87,6895,72,12,12,13,22,14,13,15,15,17,14,39,40,48,76,45,22,70,31,74,11,39,16,9,14,17,11,14,15,72,72,64,72,74,medium / medium,Alex Manninger,187,187,38
88,138726,79,59,52,85,65,45,57,42,52,60,61,53,53,57,75,46,66,80,67,85,40,82,76,39,48,48,82,83,82,6,6,12,16,7,medium / medium,Joleon Lescott,187,196,33
89,192362,77,76,66,40,75,62,80,69,59,42,76,93,93,82,75,77,65,34,74,65,54,28,20,73,73,58,19,28,22,10,8,14,8,6,medium / low,Luciano Narsingh,175,165,25
90,183385,68,62,63,64,72,64,68,36,56,68,72,69,72,65,65,67,82,74,76,84,74,81,61,59,66,57,58,67,65,13,14,14,12,6,medium / high,Adlene Guedioura,177,179,29
91,213135,76,69,76,66,75,70,78,54,40,59,76,86,85,77,76,58,77,51,60,72,69,52,28,77,71,55,30,24,18,15,13,16,11,15,high / medium,Divock Origi,185,165,20
92,171833,83,62,85,73,75,76,84,62,68,62,81,88,89,78,82,64,83,74,72,73,83,60,22,84,74,75,15,24,12,7,15,9,5,13,medium / low,Daniel Sturridge,187,168,26
93,177922,74,75,71,69,72,66,74,64,55,69,74,85,86,80,69,70,74,62,62,64,70,43,48,71,70,71,15,29,20,16,10,15,14,11,medium / medium,Kamil Grosicki,180,172,27
94,188168,69,64,49,68,61,34,70,67,57,59,66,75,73,71,65,47,63,72,80,79,56,54,67,56,53,50,70,70,67,11,13,15,6,12,high / medium,George Friend,187,183,27
95,208722,78,68,76,53,73,66,83,74,64,67,77,91,91,88,75,85,73,58,65,66,66,61,29,77,69,71,33,33,38,10,10,15,7,14,high / medium,Sadio Mane,175,165,23
96,170008,66,11,20,11,25,14,18,13,12,30,23,45,45,51,60,56,23,54,35,64,18,34,23,16,39,22,12,12,12,70,64,66,64,67,medium / medium,Ben Hamer,193,172,27
97,201942,82,70,77,70,84,78,87,75,67,74,83,78,75,82,80,78,75,81,84,71,74,41,33,81,83,72,24,52,31,8,11,9,6,10,high / medium,Roberto Firmino,180,168,23
98,205990,64,58,52,45,73,39,61,57,50,65,65,71,68,74,57,85,57,56,69,65,52,72,60,54,65,48,50,69,63,6,11,13,9,10,medium / high,Harrison Reed,180,159,20
99,207725,73,36,42,82,57,26,45,33,31,62,54,40,66,38,62,40,73,83,65,89,31,64,70,40,37,40,74,78,70,7,11,15,10,15,medium / high,Mike van der Hoorn,190,179,22
100,220295,76,65,75,81,68,54,78,71,56,63,75,86,84,76,72,76,84,90,86,73,74,43,45,72,62,73,45,49,42,9,12,16,9,8,high / low,Enner Valencia,175,163,25
101,105846,76,12,11,11,25,13,14,13,19,34,18,41,46,40,72,40,21,75,31,69,15,38,25,17,45,21,13,20,20,82,72,62,74,83,medium / medium,Artur Boruc,193,192,35
102,142784,82,75,49,76,72,53,74,68,66,64,77,72,73,71,86,66,66,84,85,79,57,90,86,71,66,64,86,87,86,10,14,15,7,5,high / high,Pablo Zabaleta,177,168,30
103,178091,76,50,75,79,66,67,75,58,48,29,75,74,78,69,71,58,79,81,69,89,69,63,21,78,55,68,15,25,20,7,7,7,5,8,medium / medium,Stefano Okaka Chuka,185,198,26
104,216299,53,37,44,30,59,59,58,52,32,57,55,55,53,39,57,57,49,46,55,69,58,57,54,50,54,56,49,59,58,13,6,9,6,12,medium / medium,Connor Randall,180,168,19
105,163264,74,13,12,14,28,12,14,15,13,31,22,52,50,54,71,48,14,69,36,62,12,31,17,12,44,24,15,15,13,75,74,71,74,77,medium / medium,Tom Heaton,187,190,29
106,186148,80,15,10,13,25,12,12,11,10,22,22,46,50,43,80,41,21,69,32,55,14,32,21,15,39,24,11,12,13,78,80,66,81,82,medium / medium,Ron-Robert Zieler,187,183,26
107,198511,69,9,13,10,29,14,19,18,12,25,20,37,32,32,60,35,17,54,39,75,19,31,22,12,32,14,13,10,9,71,67,68,69,73,None / 1,Mika,195,198,24
108,146562,85,87,77,53,86,67,87,86,78,84,86,79,68,86,85,91,78,71,72,60,82,60,55,82,85,80,56,62,48,6,9,5,7,15,medium / medium,Santi Cazorla,167,146,30
109,169586,71,67,73,68,64,67,71,43,58,41,69,85,79,78,68,79,70,72,71,63,62,66,22,74,61,68,32,35,28,11,15,9,9,16,high / medium,Fraizer Campbell,172,183,28
110,183465,76,68,69,79,79,66,75,66,47,76,76,68,71,75,74,62,79,78,80,77,77,73,76,74,78,57,73,73,71,9,10,15,11,12,medium / high,Jack Rodwell,187,157,24
111,225462,56,35,57,55,60,52,58,56,37,54,56,64,62,66,61,78,57,58,57,46,50,34,13,56,58,61,18,19,21,9,10,8,10,11,medium / low,Rees Greenwood,172,150,19
112,157665,78,30,34,81,69,29,38,30,29,65,66,49,54,50,78,56,52,68,74,82,32,73,80,36,55,30,82,81,78,6,10,15,7,9,low / medium,Scott Dann,190,172,28
113,172962,76,74,70,69,67,63,84,75,61,65,79,85,79,78,69,82,75,66,79,75,68,42,45,76,71,71,35,29,33,9,7,8,16,16,medium / medium,Victor Moses,177,187,24
114,174543,83,12,13,18,32,11,13,25,60,31,15,58,54,64,80,64,22,81,44,70,21,40,23,15,63,23,11,18,19,83,82,87,78,86,medium / medium,Claudio Bravo,182,176,32
115,220182,71,32,42,69,67,35,62,35,29,53,66,75,74,62,59,59,51,73,69,81,36,63,68,36,46,37,71,75,71,7,10,15,15,15,medium / medium,Jason Denayer,182,154,20
116,192227,82,51,58,80,75,51,44,55,47,69,67,70,69,68,79,70,66,82,75,81,52,77,85,50,52,54,81,82,85,11,9,15,10,6,low / high,Shkodran Mustafi,182,181,23
117,194845,79,82,77,52,80,57,80,80,83,69,79,74,74,78,79,67,81,44,63,68,84,74,61,78,79,75,26,49,30,6,7,11,11,6,medium / high,Wahbi Khazri,182,168,24
118,163419,79,74,40,79,65,56,74,66,47,64,75,72,72,67,80,76,69,84,81,76,62,75,79,66,68,59,83,83,84,11,9,7,9,9,high / medium,Bacary Sagna,175,159,32
119,201999,72,66,43,62,67,30,66,34,26,62,73,72,73,71,69,69,35,65,73,71,32,88,68,52,48,47,75,78,80,7,13,15,13,15,medium / medium,Jon Flanagan,180,152,22
120,183130,71,82,68,37,66,74,79,80,61,60,74,77,77,76,60,75,70,60,72,42,68,70,40,59,68,60,19,32,22,15,9,8,15,14,high / medium,Marc Albrighton,175,148,25
121,140498,75,11,19,14,21,15,14,19,14,30,21,48,50,33,73,41,22,63,34,63,12,41,24,13,38,11,13,14,13,78,72,67,75,79,medium / medium,David Marshall,190,183,30
122,189067,74,43,37,74,60,22,47,47,52,64,58,56,55,49,66,54,30,83,61,79,31,76,75,24,31,51,77,79,76,12,13,11,10,11,medium / medium,Miguel Britos,187,181,30
123,193348,80,74,74,37,79,76,85,82,78,75,83,91,84,87,79,94,84,63,78,74,80,73,65,77,77,65,58,60,53,13,12,12,11,11,high / medium,Xherdan Shaqiri,170,159,23
124,161805,76,69,56,68,75,69,69,71,69,72,74,66,67,71,77,68,76,70,78,77,69,90,75,63,73,72,69,79,79,12,11,7,15,11,medium / high,Valon Behrami,185,172,30
125,163418,79,56,21,82,71,34,52,44,33,54,62,57,76,53,71,47,82,81,71,85,55,85,75,51,51,54,76,84,78,9,14,7,9,6,high / medium,Younes Kaboul,190,192,29
126,190549,73,65,75,63,74,68,72,47,56,65,77,67,68,73,75,57,85,84,88,72,75,77,64,68,74,43,64,66,62,16,15,13,10,14,medium / high,Markus Henriksen,187,172,23
127,198861,74,67,45,52,76,43,68,57,48,70,75,73,73,76,75,83,55,82,80,69,53,79,75,32,67,55,75,75,71,14,12,9,12,15,medium / high,Nampalys Mendy,167,150,23
128,205243,72,36,31,73,46,25,36,30,29,51,51,55,65,55,69,58,44,68,66,86,29,77,71,29,39,34,75,75,73,13,9,5,6,6,medium / medium,Molla Wague,190,192,24
129,163303,75,71,65,61,77,59,66,71,76,72,73,32,53,69,78,66,70,68,81,75,67,81,79,62,68,65,71,75,68,10,13,16,16,11,medium / high,Glenn Whelan,180,176,31
130,169607,77,61,49,67,75,61,64,57,58,74,74,69,68,64,72,71,77,63,79,78,62,91,77,47,68,64,72,82,80,11,9,15,14,15,low / high,Lee Cattermole,177,168,27
131,172175,80,82,78,64,80,76,84,77,74,77,82,89,87,86,76,74,77,73,76,61,76,48,35,80,67,75,40,55,53,8,10,14,13,15,high / medium,Kevin Mirallas,182,154,27
132,156722,76,70,58,70,76,71,70,65,56,71,75,68,67,63,74,72,78,70,81,73,66,83,77,69,68,61,78,79,77,7,12,6,6,7,medium / high,Mathieu Flamini,177,148,31
133,198717,77,74,74,43,70,51,84,54,51,62,83,87,87,84,71,79,69,50,78,67,60,64,23,73,61,66,27,30,39,15,10,15,11,10,medium / low,Wilfried Zaha,180,146,22
134,193061,81,78,66,60,83,76,86,84,76,79,85,85,85,85,78,75,69,69,91,65,79,80,75,77,82,72,71,77,81,11,10,8,8,7,high / high,Roberto Pereyra,182,170,24
135,216003,55,55,36,55,65,42,60,57,38,64,61,79,71,76,60,75,52,68,54,50,36,37,20,42,65,44,52,42,49,5,9,8,11,13,medium / medium,Bartosz Kapustka,177,148,18
136,153177,76,68,78,59,72,78,84,86,79,61,82,79,75,88,79,72,80,70,70,61,80,66,39,76,71,74,32,37,33,7,16,16,6,12,medium / low,Mauro Zarate,175,168,28
137,179547,74,11,16,14,39,15,15,12,15,33,24,59,60,42,76,44,32,75,31,67,12,29,16,12,12,43,19,11,20,75,73,71,72,78,medium / medium,Vito Mannone,187,176,27
138,202052,73,49,78,65,66,70,71,68,57,52,73,85,82,70,68,69,68,77,71,76,67,60,25,77,65,72,21,22,17,7,6,9,10,7,high / medium,Benik Afobe,182,170,22
139,213666,63,36,43,50,72,31,56,31,31,62,65,69,70,58,55,71,51,60,74,63,40,52,59,61,65,45,64,67,61,11,7,12,15,13,medium / medium,Ruben Loftus-Cheek,190,183,19
140,182168,78,46,22,80,69,24,64,30,34,65,70,52,54,48,65,33,59,75,65,82,31,76,79,34,59,34,79,82,80,12,15,11,12,15,medium / medium,Andrea Ranocchia,195,179,27
141,183285,81,60,23,71,72,20,50,50,30,63,61,64,68,61,72,55,51,82,72,90,38,85,82,32,49,40,79,84,83,14,12,9,7,8,medium / high,Mamadou Sakho,187,183,25
142,186115,80,76,47,68,78,47,78,64,52,65,76,79,83,73,81,74,72,70,77,69,65,72,79,65,69,63,80,84,85,6,11,8,9,15,high / medium,Kieran Gibbs,177,154,26
143,201884,69,78,63,53,68,53,76,75,74,60,74,78,79,77,73,75,67,75,76,56,67,51,55,66,72,65,50,62,71,12,8,13,7,7,medium / medium,Robert Brady,175,152,23
144,50542,79,54,86,68,68,83,78,63,68,43,77,78,77,83,77,88,88,74,73,62,83,63,19,84,67,68,24,20,11,7,14,8,10,13,medium / medium,Jermain Defoe,170,154,32
145,169426,76,74,44,62,67,59,61,64,51,62,72,74,78,67,75,66,61,68,84,75,53,80,77,61,52,55,80,79,75,6,8,11,8,10,high / medium,Antonio Barragan,185,183,28
146,193474,75,59,47,66,78,31,73,33,43,73,76,73,68,75,79,80,81,76,85,71,75,80,83,67,72,54,76,79,74,8,6,8,12,13,medium / high,Idrissa Gana Gueye,175,159,26
147,160292,71,69,67,58,75,63,68,71,75,72,72,64,54,71,73,75,73,74,75,70,61,61,72,64,66,78,56,71,68,13,8,14,6,6,medium / high,Ben Watson,177,152,30
148,186351,76,68,70,80,79,66,78,49,44,76,75,74,76,73,73,51,85,90,92,77,78,80,70,74,73,72,66,72,71,9,8,14,16,14,medium / medium,Leroy Fer,187,174,25
149,137785,78,31,46,83,61,56,31,30,61,68,53,32,53,26,71,42,75,51,76,93,54,87,80,34,32,54,78,81,77,9,16,10,15,9,medium / high,Robert Huth,190,194,31
150,199550,80,71,45,75,69,36,58,30,46,69,68,65,70,53,76,64,63,80,77,85,48,86,78,42,35,42,82,85,79,11,9,7,15,6,medium / high,Bruno Martins Indi,185,176,23
151,2147,77,18,11,14,39,11,12,13,13,37,31,35,45,35,73,27,13,55,30,77,11,41,26,13,19,23,18,15,14,81,75,82,76,79,medium / medium,Maarten Stekelenburg,198,203,33
152,184472,76,74,55,65,70,65,72,64,53,66,74,79,86,74,73,68,75,73,90,72,64,74,69,69,66,49,74,78,77,11,9,7,9,12,high / medium,Martin Olsson,177,179,27
153,214924,60,43,19,57,54,25,42,38,27,41,48,64,66,56,54,61,41,80,62,71,23,57,57,24,31,37,59,62,60,10,15,15,15,16,medium / medium,Jordan McGhee,185,154,19
154,186561,82,74,75,58,84,81,81,64,70,82,82,71,68,74,81,75,81,63,93,69,78,75,67,84,81,76,65,75,65,6,11,5,10,8,high / high,Aaron Ramsey,177,154,24
155,188253,80,68,65,63,82,61,78,64,64,83,77,75,69,66,75,71,67,66,91,78,73,79,79,69,75,60,81,79,78,12,11,8,10,13,medium / high,James McCarthy,180,159,24
156,192505,80,68,82,78,67,70,76,64,66,58,76,79,85,64,73,48,85,71,76,90,72,72,27,78,69,80,27,30,30,8,15,14,7,10,medium / medium,Romelu Lukaku,190,207,22
157,204485,74,70,68,45,72,64,84,73,66,60,76,79,80,87,67,80,74,59,74,57,70,39,34,71,74,70,24,27,21,15,9,13,11,6,medium / medium,Riyad Mahrez,177,137,24
158,208339,75,56,78,75,64,74,66,63,39,35,73,91,76,68,72,59,80,70,78,81,64,56,35,71,63,67,20,23,24,16,6,12,10,8,medium / medium,Baye Oumar Niasse,182,181,25
159,20289,85,67,82,74,86,68,81,80,85,83,83,70,80,64,85,55,86,65,86,92,84,78,66,81,85,85,63,78,75,13,14,6,12,8,medium / low,Yaya Toure,187,198,32
160,162131,80,43,83,92,70,84,69,60,40,46,79,55,65,65,81,51,82,72,75,93,60,71,26,85,59,69,23,28,25,2,2,3,4,2,medium / medium,Fernando Llorente,195,198,30
161,215914,76,67,65,54,79,56,73,49,49,77,77,78,75,74,76,79,72,70,84,66,66,59,80,68,73,54,45,78,72,15,12,10,7,10,medium / medium,N'Golo Kante,170,152,24
162,158626,80,80,59,75,77,62,72,74,61,73,75,77,73,77,76,74,74,81,89,71,68,80,76,67,64,66,80,83,82,8,9,7,15,10,high / medium,Mathieu Debuchy,177,168,30
163,183108,78,78,76,68,81,73,86,76,68,67,83,87,85,88,76,75,81,58,74,75,72,67,34,77,82,77,29,41,29,11,14,7,6,13,medium / low,Nordin Amrabat,177,170,28
164,178509,81,63,83,85,76,81,69,70,65,56,82,61,64,58,83,45,84,78,79,88,76,76,41,84,75,81,26,37,20,12,15,11,6,5,medium / medium,Olivier Giroud,193,194,29
165,191005,74,78,66,70,77,60,75,75,71,68,71,80,79,72,73,61,75,81,83,70,67,59,69,69,67,59,68,69,67,14,7,9,10,7,high / high,Ahmed El Mohamady,182,172,28
166,193011,72,40,20,69,68,29,54,22,22,60,68,64,62,56,69,70,47,66,68,79,13,74,68,12,35,20,71,76,71,14,12,7,14,12,medium / medium,Steve Cook,185,183,24
167,197681,77,55,51,62,82,28,75,65,38,76,77,79,75,75,75,74,79,72,82,78,77,74,79,75,76,29,71,77,73,6,11,12,14,7,high / medium,Giannelli Imbula Wanga,185,170,23
168,208830,71,59,73,57,65,63,73,52,48,48,69,89,91,76,76,79,71,51,90,67,68,85,51,70,67,68,38,42,34,15,14,7,15,11,high / high,Jamie Vardy,177,161,28
169,212883,70,47,48,70,74,66,69,44,32,71,68,76,80,63,80,68,84,87,92,88,73,82,73,48,62,51,68,75,72,13,13,13,8,15,medium / medium,Daniel Amartey,182,165,20
170,218659,66,67,36,56,59,37,64,61,62,55,61,77,78,72,57,65,34,61,68,63,38,61,63,49,40,51,64,69,68,10,15,8,11,14,medium / medium,Matt Targett,182,154,20
171,222492,70,63,67,70,70,56,76,80,59,59,74,84,86,78,66,72,73,64,67,58,72,52,34,63,62,53,28,30,27,8,12,9,9,14,medium / medium,Leroy Sane,182,165,19
172,213697,65,41,36,64,60,43,55,49,36,58,65,55,56,56,67,63,42,59,44,67,40,54,64,39,47,43,68,71,66,14,8,11,8,14,medium / high,Patrick McNair,182,159,20
173,138722,72,59,53,61,68,45,73,58,59,66,69,70,69,69,70,68,59,72,83,67,60,68,75,44,51,57,69,77,76,6,11,14,12,15,high / medium,Billy Jones,180,170,28
174,180706,71,39,24,72,71,30,47,39,39,61,59,65,67,64,59,58,39,70,71,70,36,69,64,27,43,28,76,77,73,8,6,12,9,13,medium / medium,Craig Cathcart,187,161,26
175,190885,70,68,43,56,69,40,68,59,66,60,71,78,74,75,70,69,67,53,72,68,64,62,69,54,58,48,71,70,68,8,9,15,9,6,high / medium,Adam Smith,180,179,24
176,191076,71,66,68,56,67,70,76,78,78,58,75,75,77,72,69,73,84,58,74,72,74,63,49,67,70,57,45,50,49,7,6,14,10,8,high / medium,Johann Berg Gudmundsson,177,170,24
177,198784,79,73,70,34,77,59,86,67,53,73,83,89,89,84,75,88,75,65,75,69,77,66,41,74,71,69,37,48,44,16,9,6,9,9,high / medium,Alex Oxlade-Chamberlain,175,154,22
178,180283,77,74,73,71,86,55,77,76,77,81,81,64,68,70,67,59,83,70,72,72,73,68,54,75,82,76,55,70,71,14,9,7,9,10,high / medium,Sung-Yueng Ki,185,165,26
179,188879,75,56,46,55,74,31,60,36,32,69,70,65,80,60,70,54,73,42,77,92,60,85,74,44,62,54,71,85,70,11,7,13,15,10,medium / high,Alfred N'Diaye,190,176,25
180,218359,67,47,49,67,73,47,66,37,42,69,71,70,69,67,64,75,69,60,56,64,53,81,67,62,66,51,64,69,62,10,13,16,7,15,medium / medium,Ibrahim Didier Ndong,177,165,21
181,223747,61,56,23,58,62,19,55,42,60,41,52,70,70,76,53,74,33,77,72,61,29,55,53,41,33,46,63,64,60,11,6,8,14,12,medium / medium,Stephen Kingsley,177,150,21
182,135507,80,68,70,55,82,76,79,70,71,81,78,77,77,79,82,79,83,72,82,73,81,83,84,68,75,61,70,78,75,12,11,5,13,7,medium / high,Fernandinho,175,148,30
183,170815,77,72,66,62,80,64,74,70,71,78,78,71,66,74,78,78,74,71,81,66,73,80,81,72,78,69,74,74,71,7,6,14,16,10,medium / medium,Steven Defour,175,159,27
184,199189,79,63,70,65,84,61,85,54,56,77,83,79,77,70,77,56,78,63,74,76,76,73,45,71,81,65,56,60,52,9,14,12,6,10,medium / medium,Ross Barkley,187,168,21
185,164859,81,78,82,53,77,71,81,72,73,65,80,95,96,83,80,80,76,59,75,59,67,61,31,79,74,73,27,33,36,11,8,9,9,8,high / low,Theo Walcott,175,150,26
186,208135,73,68,70,66,75,67,75,41,42,74,75,65,67,60,68,64,75,71,83,75,74,75,71,58,77,45,69,71,65,15,12,12,15,14,high / medium,Abdoulaye Doucoure,182,165,22
187,163873,75,13,20,12,22,11,11,11,14,32,32,46,44,60,70,58,38,75,20,72,18,28,24,11,42,37,13,20,20,75,74,71,78,76,medium / medium,Eduardo,187,185,33
188,173546,73,42,29,77,59,28,44,33,31,59,58,62,59,46,73,50,40,71,75,75,29,67,71,45,50,43,77,77,78,11,8,6,9,14,medium / medium,James Tomkins,190,163,26
189,189446,66,64,62,43,62,49,68,69,68,60,65,79,79,83,64,60,67,48,76,56,63,31,60,59,63,61,16,27,29,13,8,6,7,6,high / medium,Junior Stanislas,182,168,25
190,199667,75,73,27,77,62,25,63,49,58,55,64,69,75,66,71,61,69,78,75,79,59,81,71,49,47,52,75,78,76,9,9,13,10,7,None / 1,Ramiro Funes Mori,185,176,24
191,203965,76,69,73,55,73,74,84,69,66,70,80,79,78,79,74,68,76,56,70,66,68,59,39,74,77,65,30,36,20,13,14,6,14,15,high / low,Viktor Fischer,180,179,21
192,179844,86,63,90,82,65,81,82,58,59,48,82,79,85,63,85,52,83,60,85,91,69,90,40,89,74,76,28,39,34,11,13,12,8,11,high / medium,Diego Costa,187,187,26
193,206534,70,58,74,68,65,56,70,67,38,58,73,77,74,67,66,53,67,60,67,63,62,56,54,72,56,69,26,23,18,9,7,11,6,16,high / medium,Patrick Bamford,185,157,22
194,152747,78,78,65,27,77,67,83,62,54,53,80,92,89,93,77,92,61,71,75,52,56,56,36,73,75,61,29,33,34,13,6,6,15,10,high / medium,Aaron Lennon,165,139,28
195,169792,77,70,79,76,76,74,79,69,29,66,75,81,84,79,77,65,75,81,85,71,74,41,44,80,69,71,16,28,21,12,12,16,14,9,high / low,Jay Rodriguez,185,154,26
196,179592,72,71,70,47,71,70,76,69,72,69,74,66,68,78,68,64,68,32,86,70,71,47,59,69,74,74,54,62,58,8,7,13,11,15,high / high,George Boyd,185,174,29
197,192297,70,19,14,15,15,14,13,16,17,13,19,33,34,38,62,56,15,57,38,40,12,33,16,13,19,11,12,14,14,70,64,70,72,77,medium / medium,Giedrius Arlauskis,182,176,27
198,169596,80,33,53,84,63,35,42,34,24,69,54,54,64,62,73,57,44,72,79,88,28,85,82,31,50,48,82,83,80,10,12,7,13,15,medium / high,Ryan Shawcross,190,168,27
199,178567,74,64,32,73,74,34,62,67,56,63,70,67,64,65,71,57,51,68,78,76,36,79,76,61,58,65,76,77,81,16,15,8,12,10,medium / medium,Erik Pieters,182,190,27
200,53612,83,38,36,87,71,30,39,39,45,58,65,29,33,29,84,28,71,33,64,88,25,69,88,43,58,42,88,88,86,12,13,5,12,8,medium / medium,Per Mertesacker,198,198,31
201,194996,72,38,81,73,55,75,66,68,46,44,71,58,68,57,75,41,68,58,60,79,63,61,23,77,56,72,14,32,24,6,9,10,9,13,medium / low,Borja Baston,190,181,23
202,135883,72,75,25,68,70,26,69,51,61,64,73,73,70,60,65,60,64,50,79,77,62,73,68,58,59,44,73,77,70,12,6,10,8,12,high / medium,Simon Francis,190,196,30
203,189682,72,67,27,72,67,29,63,38,31,65,65,69,69,66,67,70,60,91,79,78,39,68,72,30,50,36,75,74,76,15,7,12,10,14,medium / medium,Ben Mee,180,163,26
204,181291,80,65,76,72,79,73,86,76,71,66,84,79,85,82,82,80,77,82,86,64,69,61,65,78,76,74,52,55,42,16,6,14,12,6,high / medium,Georginio Wijnaldum,175,163,24
205,54013,75,80,67,64,76,70,77,80,75,76,76,76,75,74,76,75,81,44,77,63,75,41,49,73,78,70,44,27,41,10,12,16,16,9,medium / medium,Stewart Downing,180,143,31
206,29183,73,25,25,25,22,25,25,25,25,21,23,45,49,34,73,39,25,68,30,69,25,40,24,25,25,40,25,25,25,73,71,61,73,76,medium / medium,Gerhard Tremmel,190,190,36
207,192119,86,14,14,13,32,12,13,19,11,31,23,46,52,61,81,45,36,68,38,70,17,23,15,13,44,27,11,18,16,84,87,69,86,88,medium / medium,Thibaut Courtois,198,194,23
208,184469,73,62,70,49,75,63,71,64,70,72,73,69,69,76,70,76,76,70,77,74,75,84,71,68,75,68,56,69,57,7,7,11,10,8,high / high,Harry Arter,177,154,25
209,186392,76,73,46,75,77,33,64,43,34,72,70,75,76,66,73,63,70,66,77,78,63,74,77,64,68,40,80,80,78,8,7,7,10,11,high / medium,Joel Ward,187,183,25
210,197937,,,,,,,,,,,,,,,,,,,,,,,,,,,,,,,,,,,None / None,Papy Djilobodji,193,181,26
211,198683,78,70,79,73,73,77,80,79,82,65,83,79,84,74,79,57,88,77,75,76,86,70,15,80,74,71,22,26,22,12,11,11,5,5,high / low,Manolo Gabbiadini,185,179,23
212,49212,77,13,13,11,24,12,14,15,12,23,20,42,43,51,77,57,24,74,36,43,12,21,22,10,70,22,12,12,15,80,72,71,74,82,medium / medium,Julian Speroni,185,192,36
213,180819,80,74,73,67,83,72,85,77,66,74,82,76,70,83,75,76,68,73,83,67,72,46,61,76,83,68,30,52,38,6,15,14,8,11,high / medium,Adam Lallana,172,161,27
214,195086,79,59,33,75,70,42,64,26,18,68,67,55,56,49,75,41,63,76,70,81,34,87,73,21,56,52,82,85,86,14,14,13,10,7,high / high,Dejan Lovren,187,185,26
215,184037,74,73,38,77,73,39,61,60,35,64,66,69,69,59,72,56,66,69,76,79,38,71,68,42,39,58,77,81,80,7,11,8,7,8,medium / medium,Martin Kelly,190,170,25
216,198719,74,72,66,33,70,38,80,69,68,63,76,89,84,90,63,84,71,48,70,43,73,38,22,71,70,60,18,26,30,12,14,16,6,10,high / medium,Nathan Redmond,172,165,21
217,186132,72,56,61,56,76,55,69,66,43,74,73,68,68,66,70,74,75,56,79,66,69,68,68,68,72,52,58,66,62,12,6,8,9,12,medium / medium,Danny Drinkwater,177,154,25
218,192613,76,19,11,16,38,13,15,15,12,36,22,48,42,33,69,22,14,34,31,78,15,40,27,12,16,21,14,19,17,76,77,68,79,78,medium / medium,Costel Pantilimon,203,212,28
219,206489,65,63,35,61,63,32,67,54,35,51,62,77,72,62,66,64,45,76,67,68,31,70,55,49,47,43,67,66,67,7,14,14,6,11,medium / medium,Ezekiel Fryers,182,176,23
220,163705,83,14,13,13,31,13,11,13,12,28,12,53,43,52,81,36,24,74,31,61,11,37,23,11,14,11,10,12,13,85,78,79,81,84,medium / medium,Steve Mandanda,185,181,30
221,169705,78,79,35,69,76,43,74,67,52,70,76,79,77,76,76,71,59,71,80,71,54,73,77,62,51,52,79,81,82,11,13,15,10,15,high / medium,Ryan Bertrand,177,187,26
222,212125,77,68,69,56,75,68,84,79,62,63,83,93,88,86,74,82,65,46,72,53,60,41,46,74,74,70,30,33,36,8,9,15,6,7,medium / medium,Lazar Markovic,175,146,21
223,120312,77,19,22,81,56,23,17,23,11,73,58,34,31,51,72,54,62,80,66,81,21,82,76,35,43,44,80,81,80,8,6,6,13,15,medium / high,Michael Dawson,187,168,31
224,184200,78,83,69,71,79,79,83,79,74,68,83,78,77,76,73,57,73,68,68,83,68,73,46,77,79,76,47,57,30,14,15,10,10,15,medium / medium,Marko Arnautovic,193,183,26
225,179944,83,68,56,83,78,67,70,70,76,76,79,72,73,74,79,56,74,82,71,77,71,84,80,54,68,75,81,85,84,11,12,10,7,14,high / medium,David Luiz,187,185,28
226,169638,71,72,45,61,68,32,69,67,68,64,67,79,78,73,61,71,48,81,79,68,46,51,65,63,62,67,71,73,72,14,16,13,6,7,high / medium,Charlie Daniels,177,165,29
227,172768,73,68,63,59,82,55,72,61,68,76,74,64,62,63,69,73,67,71,72,69,65,68,60,65,76,67,62,68,62,16,14,7,16,8,medium / medium,Andrew Surman,177,161,29
228,188155,77,73,55,70,70,67,74,64,56,68,76,74,75,72,79,66,76,71,92,75,64,84,74,73,72,62,78,79,78,15,10,7,11,7,high / medium,Daryl Janmaat,185,176,26
229,189963,81,45,83,84,68,76,74,66,58,45,76,69,75,67,81,72,89,86,78,94,80,70,38,85,65,77,25,42,28,10,8,5,7,11,medium / low,Wilfried Bony,182,198,26
230,138193,75,79,69,65,76,62,73,71,76,76,74,59,58,70,78,72,73,71,87,74,74,92,67,73,75,81,63,75,75,12,10,11,9,8,medium / high,Joey Barton,180,154,33
231,164505,78,16,14,12,26,15,14,15,11,34,28,50,47,47,79,47,24,72,30,76,15,43,19,12,45,35,15,15,14,80,76,64,77,81,medium / medium,Brad Guzan,193,209,31
232,184432,82,78,46,69,80,54,70,66,58,74,77,79,81,75,87,73,68,74,86,72,60,76,81,64,68,66,86,87,86,13,9,10,6,5,medium / medium,Cesar Azpilicueta,177,165,26
233,186578,70,61,71,71,73,69,69,63,59,70,71,69,65,69,71,60,73,71,73,71,74,51,54,72,70,63,57,64,60,8,6,7,10,6,high / medium,Andy King,182,163,26
234,192638,75,75,50,65,69,33,71,61,71,69,71,76,78,68,75,58,75,68,79,78,71,79,69,61,57,64,74,79,80,9,7,13,9,12,high / medium,Marcos Alonso,187,179,24
235,205566,77,83,65,61,77,35,77,59,40,64,81,88,87,86,74,87,73,85,85,54,70,71,73,73,58,54,72,74,76,10,14,9,10,11,high / medium,Alberto Moreno,170,143,23
236,189280,75,81,47,44,83,48,59,69,75,80,79,70,65,71,80,79,60,63,79,63,57,49,71,55,82,55,63,67,64,10,13,13,7,8,medium / medium,Ashley R. Westwood,170,148,25
237,199434,79,79,69,63,81,73,83,83,76,77,84,75,73,81,80,77,69,65,73,67,66,56,31,73,84,81,40,34,26,11,11,14,9,16,medium / medium,Dusan Tadic,180,168,26
238,216268,62,46,65,46,58,58,68,64,42,53,56,80,77,75,56,82,61,54,66,54,56,38,21,65,47,62,28,30,35,6,15,8,14,15,medium / medium,Duncan Watmore,175,159,21
239,49036,72,69,65,59,75,64,76,67,75,64,74,69,66,76,70,81,67,66,68,57,70,57,48,71,73,74,25,42,31,5,13,9,7,13,high / medium,Shaun Maloney,170,152,32
240,169590,76,79,57,65,82,66,72,61,71,81,76,52,64,55,74,61,82,72,76,74,80,72,70,67,76,63,76,77,76,15,7,12,15,6,medium / medium,Darron Gibson,180,176,27
241,186598,74,71,45,70,73,52,64,43,28,66,68,76,75,71,70,71,68,73,74,68,52,68,73,54,59,47,71,78,79,12,10,9,9,11,medium / medium,Kyle Naughton,180,161,26
242,194365,78,66,80,79,73,75,77,53,50,59,76,79,73,85,84,72,77,90,84,66,68,74,45,83,64,75,33,44,33,10,6,14,6,6,high / high,Shinji Okazaki,175,168,29
243,194932,75,75,66,54,73,59,84,68,68,59,76,89,89,78,69,71,82,48,70,66,78,46,21,70,71,83,36,29,27,13,11,11,11,13,high / medium,Andros Townsend,180,179,24
244,139720,85,61,45,84,65,46,64,61,52,66,68,68,70,63,84,42,76,73,70,88,55,81,78,41,59,63,86,90,87,10,9,5,8,6,medium / medium,Vincent Kompany,193,187,29
245,177604,80,81,39,62,77,56,74,74,59,61,77,79,75,75,79,67,71,75,85,65,61,74,82,61,66,61,83,84,82,7,5,9,3,5,medium / high,Nacho Monreal,177,159,29
246,188484,74,47,71,73,67,74,71,71,58,42,73,90,91,84,74,63,73,74,70,70,66,59,24,73,57,81,19,29,21,14,6,8,6,9,medium / low,Abel Hernandez,185,161,25
247,209483,71,20,15,16,24,16,13,10,14,23,24,41,49,45,65,62,18,65,25,49,14,20,24,12,31,21,12,16,12,75,70,68,69,73,medium / medium,Mouez Hassen,182,154,20
248,210972,72,79,32,58,70,37,70,75,51,60,73,84,78,74,65,64,59,68,74,67,44,68,66,67,39,46,68,78,72,14,7,14,12,13,high / medium,Javier Manquillo,180,159,21
249,180216,81,81,65,67,77,64,78,42,35,70,77,79,80,77,81,74,75,72,90,73,68,78,77,76,70,60,83,84,84,5,15,10,13,7,high / high,Seamus Coleman,177,170,26
250,199286,76,77,58,58,76,31,70,56,27,66,75,82,84,77,70,87,72,67,85,68,53,85,70,63,68,58,75,77,79,7,7,14,14,8,high / medium,Brice Dja Djedje,170,157,24
251,170570,76,63,69,42,81,80,77,71,60,66,79,70,55,76,80,78,62,60,68,57,64,60,54,79,81,66,38,48,50,16,9,10,11,14,medium / medium,Stephen Ireland,172,146,29
252,186905,71,65,71,71,64,65,69,59,56,54,73,74,69,70,68,56,73,81,82,75,65,81,35,71,56,72,33,46,39,6,10,11,10,10,high / medium,Ashley Barnes,185,168,25
253,196978,74,52,79,62,70,65,73,62,45,60,75,93,90,81,68,79,69,66,77,80,64,73,40,77,71,75,20,39,25,10,15,8,10,6,high / medium,Callum Wilson,180,146,23
254,204529,78,65,79,72,62,73,78,61,46,36,79,80,84,84,77,73,82,83,65,77,76,59,23,84,63,67,16,26,22,9,10,16,7,15,medium / low,Michy Batshuayi,180,172,21
255,146439,81,53,82,84,76,82,75,68,69,66,81,67,70,68,79,55,84,76,72,90,77,80,32,82,68,80,36,34,32,11,6,11,7,13,high / high,Alvaro Negredo,185,190,30
256,198198,75,31,34,74,66,28,50,40,36,52,65,60,68,59,70,58,75,78,73,79,65,82,71,30,59,28,78,77,80,9,6,7,16,8,low / high,Jordi Amat,185,183,23
257,186805,77,72,70,47,72,64,83,72,64,66,80,90,88,84,70,77,76,69,79,69,68,40,25,73,73,68,24,38,11,11,11,12,15,12,high / high,Jefferson Montero,170,141,26
258,176546,77,77,56,57,74,66,81,74,59,71,79,88,89,90,75,86,76,67,82,69,72,79,67,73,59,67,72,79,80,7,13,10,9,9,high / medium,Juan Camilo Zuniga,172,159,29
259,185103,79,90,55,75,70,61,78,85,81,77,78,70,66,64,79,58,91,78,77,78,80,84,80,66,76,74,79,84,82,16,15,8,16,6,high / medium,Aleksandar Kolarov,187,183,29
260,189461,81,73,64,58,84,64,84,80,72,83,84,79,74,83,80,87,75,67,82,66,73,83,61,80,85,65,61,63,65,6,15,15,9,11,medium / medium,Jack Wilshere,172,150,23
261,208330,75,70,66,23,75,67,85,70,65,73,81,86,77,83,69,65,58,61,55,56,67,31,21,68,76,60,20,22,22,15,10,11,12,7,medium / medium,Adnan Januzaj,182,165,20
262,178287,70,68,67,63,71,58,73,62,65,68,72,73,71,74,65,78,69,72,84,70,63,42,65,65,69,62,62,64,60,13,13,9,13,16,high / high,Scott Arfield,177,154,26
263,183288,75,62,24,67,66,48,48,51,52,64,61,68,67,62,67,63,69,80,68,84,39,79,76,46,47,38,78,79,78,14,13,9,14,15,medium / high,Yohan Benalouane,185,187,28
264,202491,71,60,57,46,80,58,66,66,65,76,73,69,68,83,69,74,59,45,71,33,56,47,55,69,77,56,53,53,47,11,10,11,9,11,medium / medium,Thomas Carroll,177,157,23
265,152991,71,68,64,64,76,66,70,60,52,74,68,68,66,63,69,68,72,78,83,78,66,83,70,59,69,56,68,66,69,15,8,9,9,8,medium / high,Dean Marney,182,159,31
266,166080,76,76,69,62,80,72,79,69,75,77,80,69,66,78,79,74,78,64,73,58,77,58,62,77,81,82,40,50,34,10,6,9,10,15,medium / medium,Evandro Goebel,177,159,29
267,183125,75,45,76,68,69,66,65,68,36,43,74,69,74,65,70,70,86,70,75,92,78,77,22,75,59,77,15,29,25,10,11,16,12,15,high / medium,Troy Deeney,182,198,27
268,207599,71,32,24,75,69,30,54,32,25,63,64,68,67,46,55,59,34,79,70,75,43,55,71,23,47,48,73,74,73,16,7,8,14,11,medium / medium,Michael Keane,187,181,22
269,177392,79,62,82,78,75,72,75,48,46,53,81,80,84,83,78,66,80,83,80,81,68,68,35,79,73,72,16,36,28,8,6,9,10,12,medium / medium,Dieumerci Mbokani,185,161,29
270,222922,62,57,48,51,72,47,62,61,51,66,67,70,68,76,55,84,53,67,55,34,34,45,28,45,66,59,44,57,55,13,11,10,10,12,high / low,Jake Hesketh,167,154,19
271,13914,69,20,19,10,21,20,18,19,12,40,31,40,42,38,74,47,25,70,29,70,20,36,23,14,12,13,11,19,20,67,68,78,73,65,medium / medium,Paul Robinson,193,198,35
272,199503,81,68,49,59,84,50,68,68,70,88,79,48,54,58,84,62,88,33,79,75,84,89,74,78,86,59,70,73,66,7,8,11,7,13,medium / medium,Granit Xhaka,185,181,23
273,165229,83,54,32,81,75,35,62,22,49,67,67,79,78,70,78,62,54,86,73,71,47,87,84,31,56,51,83,87,85,13,11,9,11,7,medium / high,Laurent Koscielny,185,165,30
274,183277,89,80,83,57,86,79,94,82,79,82,90,93,87,92,86,90,79,59,74,63,82,54,41,86,86,86,25,27,22,11,12,6,8,8,high / medium,Eden Hazard,172,163,24
275,205569,74,88,53,57,81,51,73,86,79,80,78,70,68,74,73,79,74,68,76,64,70,67,67,61,82,64,55,65,62,12,12,10,15,15,high / medium,James Ward-Prowse,172,146,20
276,184941,86,76,85,60,80,78,88,78,77,73,87,89,85,91,84,87,82,72,86,64,80,80,42,85,78,77,30,39,35,10,10,15,12,13,high / high,Alexis Sanchez,170,137,26
277,203042,77,11,16,12,36,12,21,12,14,40,26,51,48,58,66,55,29,61,42,59,13,32,27,16,34,42,16,13,11,79,76,75,77,83,medium / medium,Jack Butland,195,209,22
278,52326,67,11,12,12,39,22,11,11,14,34,22,46,47,38,59,45,25,66,31,62,11,45,24,11,47,22,13,12,11,69,69,65,66,71,medium / medium,Eldin Jakupovic,190,183,30
279,183711,79,81,67,65,83,72,74,80,71,81,78,76,73,74,79,71,75,81,93,73,71,78,72,74,80,64,67,75,68,7,13,7,9,13,high / high,Jordan Henderson,182,148,25
280,148569,72,67,47,78,58,37,37,54,67,54,48,32,53,33,61,34,79,60,62,87,54,88,75,49,43,72,69,71,73,6,16,14,7,6,medium / high,Marcin Wasilewski,185,194,35
281,151508,76,75,58,53,80,64,76,73,69,77,77,73,70,79,80,76,63,82,86,67,63,74,67,68,75,62,66,71,67,9,7,13,9,11,high / high,Steven Davis,172,159,30
282,192985,86,90,82,53,88,82,85,78,77,82,86,76,78,78,87,75,84,65,85,73,85,68,52,83,88,77,30,39,40,15,13,5,10,13,high / medium,Kevin de Bruyne,180,168,24
283,190752,74,56,33,84,76,36,51,44,23,73,64,67,74,46,75,40,48,53,63,78,41,73,78,37,68,43,78,79,72,11,13,12,7,9,low / high,Jan Kirchhoff,195,198,25
284,139313,74,88,57,76,77,70,66,86,84,72,74,66,68,66,71,60,83,76,78,77,79,78,73,74,70,68,64,73,69,14,12,15,16,13,medium / medium,Christian Fuchs,185,190,29
285,208461,69,62,53,69,67,50,68,49,46,63,72,64,67,60,70,66,71,88,86,73,56,87,68,66,70,59,59,66,64,14,15,7,12,12,high / high,Marten De Roon,185,168,24
286,182744,77,77,61,74,70,50,73,69,71,69,75,81,86,76,71,75,88,74,84,79,82,82,68,71,54,57,78,77,81,15,13,13,14,16,high / medium,Jose Holebas,182,174,31
287,191089,73,63,75,71,63,62,74,53,69,57,73,76,73,62,75,53,79,69,74,83,69,67,18,68,60,75,19,28,20,8,16,6,10,12,high / medium,Connor Wickham,187,198,22
288,164835,78,14,13,11,20,17,14,18,12,32,22,50,47,52,71,44,14,68,25,65,20,43,16,15,52,22,11,12,13,77,80,73,78,84,medium / medium,Lukasz Fabianski,190,183,30
289,190324,73,47,37,74,54,40,59,24,27,57,64,77,78,71,69,64,59,77,68,83,44,77,67,35,36,35,74,74,79,14,11,6,14,16,low / high,Christian Kabasele,187,185,24
290,159577,74,54,32,78,54,28,25,32,49,62,57,46,50,30,70,41,49,58,77,86,59,83,70,33,45,66,79,76,78,6,14,7,14,11,medium / medium,Damien Delaney,190,196,34
291,172723,82,14,12,12,26,12,16,17,15,23,24,52,58,53,79,41,28,38,36,80,12,42,21,11,31,40,13,11,12,83,80,74,80,84,medium / medium,Asmir Begovic,200,183,28
292,184082,74,60,34,78,60,29,46,39,28,48,62,57,63,51,71,48,42,63,71,90,29,79,75,54,45,31,71,78,66,6,12,15,10,13,medium / medium,Lamine Kone,185,183,26
293,202652,82,72,73,38,77,59,87,64,49,70,85,94,92,90,80,91,68,61,75,64,70,34,26,81,76,63,48,58,54,15,12,12,15,9,high / medium,Raheem Sterling,170,152,20
294,146536,80,79,66,47,77,79,82,80,46,74,81,91,88,91,77,87,75,62,79,34,74,50,33,74,76,56,27,20,26,10,10,15,7,13,medium / medium,Jesus Navas,170,132,29
295,199561,82,81,82,45,80,65,85,83,80,67,83,80,76,84,84,81,74,63,75,62,81,73,58,82,81,74,30,39,25,10,15,12,8,8,high / low,Nolito,175,159,28
296,173436,76,64,77,32,74,52,82,58,42,65,78,92,90,86,67,95,75,70,84,56,74,69,35,74,66,70,33,45,48,12,11,14,8,16,high / high,Nathan Dyer,167,137,27
297,195668,74,12,11,12,15,13,15,11,20,26,25,49,52,47,67,41,36,64,30,72,11,23,22,16,38,15,15,11,14,76,74,75,74,75,medium / medium,Joel Robles,195,198,25
298,199576,73,37,25,65,78,22,55,49,53,69,71,66,55,60,66,59,60,67,75,84,43,76,74,50,68,54,72,77,65,12,14,10,11,16,medium / high,Oriol Romeu,182,183,24
299,226790,60,28,20,67,60,28,33,25,29,52,54,78,80,57,63,74,46,76,71,76,23,72,61,23,29,35,60,65,62,13,14,7,7,13,None / medium,"Onyinye Ndidi,26",187,165,18
300,229901,57,24,25,53,55,23,50,26,31,50,60,54,60,56,50,34,33,73,59,72,26,47,49,26,30,40,56,59,56,12,12,12,15,13,medium / medium,Harry Souttar,198,176,16
301,184134,78,60,54,70,75,41,63,65,53,73,72,66,68,79,79,57,76,72,84,81,68,87,83,59,63,54,82,80,82,1,1,1,1,1,medium / high,Fernando,185,168,28
302,186537,74,70,72,79,69,73,68,66,57,59,71,69,71,67,79,63,78,83,87,77,63,77,36,77,69,82,39,49,42,16,14,9,16,8,medium / low,Cristian Stuani,185,168,28
303,191648,73,23,34,75,63,56,57,38,33,52,63,67,65,74,73,62,50,85,75,75,41,66,67,42,50,54,77,80,76,12,16,8,6,13,medium / medium,Maya Yoshida,187,172,27
304,216267,73,76,56,67,66,32,69,66,30,56,74,77,85,83,71,68,67,55,81,66,58,68,71,60,69,55,71,73,69,11,8,10,7,14,high / high,Andrew Robertson,177,139,21
305,195671,77,56,82,81,59,72,66,59,43,46,74,71,74,65,78,55,83,82,74,81,71,67,47,83,61,77,31,37,22,9,11,7,9,13,high / medium,Charlie Austin,187,185,26
306,205989,72,70,47,65,73,49,71,59,49,65,75,64,68,66,65,61,52,67,73,70,56,83,68,54,54,54,75,79,77,11,14,12,7,12,medium / medium,Calum Chambers,182,146,20
307,206538,59,45,21,47,54,25,57,41,29,48,56,68,67,59,54,65,47,57,70,77,43,59,70,49,43,44,53,68,61,13,7,8,10,13,medium / high,Kevin Stewart,182,168,22
308,162895,87,86,78,74,93,81,81,77,81,92,87,65,62,65,83,77,77,68,81,64,78,45,61,81,93,80,62,66,62,6,10,8,15,15,high / medium,Cesc Fabregas,175,163,28
309,179613,75,73,71,61,74,72,78,76,84,72,75,86,85,74,67,68,87,60,70,83,80,67,40,72,73,70,37,42,35,13,16,13,7,9,high / medium,Bakary Sako,182,198,27
310,200765,75,45,51,67,75,41,71,52,57,69,78,71,75,78,72,75,55,82,69,74,48,83,77,46,65,48,74,77,81,14,7,13,7,12,medium / high,Muhamed Besic,177,172,23
311,201508,78,74,74,57,78,74,82,80,75,73,82,77,71,81,74,66,77,70,69,59,78,57,32,76,79,73,33,48,44,14,15,7,7,8,medium / medium,Gaston Ramirez,182,172,24
312,152554,80,79,34,70,64,59,71,64,38,69,78,82,85,77,72,75,52,70,82,66,43,55,77,66,59,45,80,82,86,10,11,9,11,6,high / medium,Gael Clichy,175,143,30
313,183427,77,69,63,53,80,59,84,72,48,76,79,79,77,89,72,86,80,72,89,64,73,82,75,71,72,65,63,73,71,10,9,14,11,6,high / high,Fabian Delph,175,132,25
314,136113,73,17,19,73,56,23,56,14,18,44,62,48,55,31,67,52,52,74,73,91,35,72,70,39,51,17,75,75,70,14,10,6,7,8,medium / medium,Wes Morgan,185,205,31
315,172203,76,19,13,13,27,19,20,10,19,19,33,32,35,32,67,42,36,59,29,75,12,43,22,13,14,22,13,13,12,74,77,74,76,82,medium / medium,Fraser Forster,200,198,27
316,192366,84,52,53,86,64,58,43,50,39,66,60,74,76,71,80,62,69,90,78,82,56,85,86,49,45,44,87,86,88,12,5,8,11,12,medium / medium,Nicolas Otamendi,182,179,27
317,195859,76,62,79,71,69,66,78,45,36,61,77,89,83,79,74,82,70,81,80,72,67,52,39,79,68,68,33,24,27,10,13,12,16,6,high / high,Danny Ings,177,161,23
318,206304,73,59,54,69,75,42,65,53,44,73,72,59,57,58,67,57,75,58,89,74,70,83,71,64,69,60,69,69,66,13,9,16,6,12,medium / medium,Luka Milivojevic,185,176,24
319,163761,77,25,35,78,65,33,43,26,25,55,65,68,68,68,75,56,49,78,73,84,34,68,77,42,56,33,77,81,79,7,9,10,15,10,medium / medium,Curtis Davies,187,196,30
320,189680,74,71,45,56,73,59,75,57,60,71,75,85,78,83,71,84,72,72,80,57,58,76,73,62,66,60,73,75,74,12,10,11,15,6,high / high,Fabio,172,143,25
321,51257,76,59,77,83,79,80,66,57,50,63,78,52,53,56,78,29,75,34,70,71,71,71,23,80,75,76,31,26,20,13,14,7,10,14,medium / medium,Peter Crouch,200,185,34
322,173426,78,11,11,16,39,16,14,16,12,34,24,55,59,28,75,42,45,69,31,72,16,34,21,16,20,41,13,14,16,82,75,65,73,84,medium / medium,Simon Mignolet,193,192,27
323,225719,67,32,70,54,61,60,68,62,53,57,66,86,85,77,62,70,70,58,62,69,63,50,17,68,63,64,13,22,12,8,7,7,11,15,high / medium,Kelechi Iheanacho,187,170,18
324,54051,76,74,69,34,73,71,83,61,28,72,77,83,79,82,73,87,68,71,69,73,55,36,39,72,74,63,30,37,46,15,11,8,10,15,high / high,Wayne Routledge,170,170,30
325,169216,75,70,75,75,62,70,72,54,37,49,75,84,84,74,77,75,76,93,84,79,67,79,42,77,63,78,36,27,24,11,13,10,11,10,high / high,Shane Long,180,179,28
326,48940,85,19,12,19,35,17,12,13,19,33,22,45,52,49,86,34,21,51,32,65,11,17,23,13,17,23,11,13,12,83,84,73,83,84,medium / medium,Petr Cech,195,198,33
327,196932,70,39,69,75,65,61,65,45,41,51,69,78,69,58,66,38,75,75,65,79,51,46,36,73,56,61,17,21,19,16,13,8,15,11,medium / medium,Yaya Sanogo,193,190,22
328,187942,73,37,76,84,61,67,65,50,60,50,70,68,76,60,64,50,76,81,74,84,68,66,36,74,42,66,16,39,23,6,13,14,8,7,high / medium,Rudy Gestede,193,190,26
329,2651,75,12,14,13,38,20,13,20,13,33,24,41,46,47,74,55,42,74,29,58,12,43,27,13,16,44,14,11,12,72,73,72,79,75,medium / medium,Shay Given,185,185,39
330,53914,81,55,30,79,71,44,49,55,31,66,62,66,68,51,74,64,69,90,78,83,54,79,85,51,39,68,82,85,83,32,33,38,32,34,medium / high,Phil Jagielka,182,183,33
331,106573,82,10,12,11,27,10,12,11,12,36,27,60,55,58,75,53,29,80,34,71,10,36,21,12,38,26,10,12,10,82,78,77,85,83,medium / medium,Victor Valdes,182,172,33
332,211381,78,70,71,35,77,70,85,71,72,66,83,86,86,91,72,89,72,34,70,40,66,47,19,76,78,69,44,40,32,9,16,10,14,7,high / low,Sofiane Boufal,170,132,22
333,216321,61,52,57,50,61,52,64,61,66,58,67,69,68,68,56,63,63,59,51,62,54,61,27,54,59,60,33,44,38,9,13,13,15,13,high / high,Sinan Bytyqi,185,181,20
334,217699,78,46,76,90,69,79,68,65,47,49,71,69,75,65,79,57,83,87,88,85,66,84,45,86,70,73,25,37,19,10,9,6,15,11,high / high,Islam Slimani,187,185,27
335,164468,83,28,56,86,65,47,58,48,27,61,64,69,77,67,84,51,63,82,68,79,66,78,86,45,56,53,84,87,88,5,12,9,5,12,medium / medium,Gary Cahill,193,190,29
336,180403,82,74,75,29,82,59,86,74,57,77,85,92,86,87,81,82,71,46,86,61,80,44,55,77,80,60,43,62,51,14,12,13,7,13,high / high,Willian,175,165,27
337,186672,77,62,52,73,77,49,73,60,60,64,70,78,69,76,71,53,63,77,77,75,54,78,80,57,73,63,77,81,76,7,16,6,10,14,medium / medium,Geoff Cameron,190,185,30
338,204519,69,51,45,65,62,44,62,56,45,56,61,72,74,70,71,60,61,85,77,72,64,71,69,53,59,51,74,77,74,13,14,14,14,12,medium / medium,Cuco Martina,182,159,26
339,169706,77,57,54,69,80,60,73,39,24,78,77,64,60,63,77,71,57,68,81,72,45,70,79,65,74,47,71,78,76,13,11,16,6,6,medium / high,Jack Cork,185,152,26
340,176635,87,80,74,54,87,77,86,84,79,80,90,77,68,84,87,70,70,52,64,56,75,54,24,83,92,76,22,16,19,6,14,10,6,14,medium / low,Mesut Oezil,182,168,26
341,192129,72,11,13,13,41,11,14,20,11,26,24,55,52,58,70,46,19,83,33,74,12,24,23,15,14,13,13,13,15,73,66,66,74,78,medium / medium,Kristoffer Nordfeldt,190,187,26
342,208333,75,73,55,70,78,61,75,66,61,75,75,68,77,75,73,59,78,65,78,83,70,76,76,70,74,60,71,75,73,14,8,8,13,11,medium / medium,Emre Can,187,181,21
343,220633,68,58,65,31,54,50,78,59,42,56,75,91,88,90,58,82,67,55,71,50,63,33,23,57,57,58,21,22,20,6,11,11,13,10,medium / medium,Demarai Gray,177,146,19
344,183916,72,73,70,71,75,69,73,75,73,69,75,77,78,78,63,77,83,70,64,65,78,80,73,68,67,63,67,69,70,13,9,7,15,7,high / medium,Jeremy Pied,172,152,26
345,155355,73,70,62,71,73,66,75,71,65,66,73,77,76,76,74,78,65,70,80,57,62,62,56,70,74,63,42,52,43,6,7,7,8,7,medium / medium,Chung-Yong Lee,180,152,27
346,204077,74,67,68,64,72,72,84,69,58,55,81,84,88,84,69,71,79,69,68,75,73,50,30,70,64,70,17,15,18,4,6,4,4,4,high / medium,Mbaye Niang,182,165,20
347,6826,79,80,56,74,83,65,64,78,78,81,73,32,51,52,78,63,77,70,79,77,71,80,82,58,74,72,79,80,80,7,13,9,7,12,medium / high,Gareth Barry,182,174,34
348,172953,71,57,27,76,63,21,59,33,22,61,65,75,71,68,73,76,47,80,75,77,34,58,65,53,58,44,76,76,79,6,15,8,13,10,medium / medium,Adrian Mariappa,177,179,28
349,192766,75,67,42,70,74,32,63,66,40,56,73,66,71,62,70,66,46,84,74,68,37,79,79,61,61,51,74,78,77,14,12,16,15,10,medium / medium,Marc Muniesa,177,159,23
350,224021,62,54,63,44,67,44,69,52,50,57,59,82,78,66,53,67,56,42,47,62,56,40,28,58,50,66,24,33,32,12,10,6,10,16,medium / low,Sheyi Ojo,177,141,18
351,178213,77,70,57,70,77,59,74,61,30,75,74,65,55,49,73,55,73,74,92,77,68,77,74,62,66,52,75,80,79,12,11,11,14,12,low / medium,Etienne Capoue,187,176,27
352,177578,76,44,34,85,56,22,30,32,38,49,54,53,52,39,73,33,47,50,65,88,32,83,74,37,46,35,77,80,73,11,8,12,15,8,medium / medium,Sebastian Proedl,193,203,28
353,138436,71,72,72,73,69,67,72,64,56,57,73,67,68,76,74,68,73,76,91,84,69,81,61,73,69,72,61,56,44,8,14,7,10,6,high / high,Jonathan Walters,182,174,32
354,193475,76,75,39,77,74,43,74,75,73,76,75,85,78,60,73,74,65,91,80,70,54,79,67,70,64,49,75,76,78,8,8,14,16,10,high / medium,Pape Ndiaye Souare,177,150,25
355,182945,79,73,75,66,74,70,83,68,74,64,81,89,88,85,79,69,73,68,72,55,71,55,51,74,70,75,38,40,35,11,12,8,10,12,medium / medium,Max-Alain Gradel,175,152,27
356,189157,76,76,64,51,68,51,86,62,49,64,81,89,88,84,72,76,81,58,81,82,71,76,31,69,59,65,27,31,17,8,9,12,14,6,high / medium,Yannick Bolasie,185,185,26
357,201818,76,65,78,65,72,75,82,60,48,53,80,95,92,90,77,88,78,82,80,45,73,33,24,79,66,69,20,28,24,7,12,13,15,14,high / medium,Ahmed Musa,167,152,22
358,213655,55,35,50,42,43,48,64,47,40,33,54,78,77,77,53,76,45,50,55,61,48,30,18,53,53,56,15,18,16,14,7,12,14,11,medium / medium,Alex Iwobi,180,165,19
359,139062,78,12,11,22,33,13,12,23,11,48,30,49,54,59,75,55,23,70,44,76,14,46,22,15,38,16,15,11,12,80,72,69,81,82,medium / medium,Wilfredo Caballero,185,176,34
360,165321,71,70,61,62,73,66,61,68,55,68,68,68,67,66,74,58,61,63,76,72,52,72,71,58,62,62,73,73,73,6,16,13,11,16,high / medium,Stephen Ward,182,181,30
361,165788,73,51,74,83,66,72,68,54,56,63,70,62,61,56,75,57,76,73,68,87,62,74,33,77,59,67,27,48,45,13,8,8,16,11,high / medium,Jose Leonardo Ulloa,185,176,29
362,186190,74,60,57,64,73,53,73,38,35,76,72,89,88,80,76,78,70,86,85,65,64,73,67,74,64,46,70,75,75,9,15,7,8,6,high / medium,Patrick van Aanholt,175,148,25
363,184484,78,78,78,60,80,74,76,82,85,75,79,67,67,68,77,62,82,70,74,67,83,57,37,78,84,80,55,53,57,13,8,10,15,12,high / medium,Gylfi Sigurdsson,185,170,26
364,200841,74,74,41,60,69,60,68,60,52,64,68,72,82,62,70,66,72,66,77,74,41,71,69,67,62,49,77,78,78,12,15,15,11,12,high / high,Carl Jenkinson,185,170,23
365,230666,78,66,80,61,74,67,85,76,54,66,83,88,85,92,82,91,73,63,84,61,72,56,32,79,72,73,20,17,19,13,8,6,6,15,High / High,Gabriel Jesus,175 cm,67 kg,19
366,194138,76,59,77,65,66,68,70,48,39,51,69,91,91,72,74,76,80,70,79,79,65,61,24,79,67,74,20,13,17,11,16,11,9,14,High / Medium,Andre Gray,180 cm,78 kg,25
367,200478,74,57,66,62,77,65,68,59,58,76,73,67,69,70,70,63,68,71,81,71,69,63,73,63,72,51,65,70,65,12,6,9,9,14,Medium / Medium,Jeff Hendrick,185 cm,79 kg,25
368,186385,74,56,60,45,75,40,69,67,66,72,72,70,71,70,71,72,70,59,80,64,71,82,75,55,73,66,63,75,72,14,9,10,12,10,Medium / Medium,Adam Clayton,175 cm,75 kg,28
369,213956,73,73,64,40,70,47,82,54,42,52,77,92,93,80,66,81,71,73,61,80,49,47,27,69,43,47,20,23,16,13,9,11,12,7,High / Low,Adama,178 cm,76 kg,21
370,203263,73,39,30,73,65,27,53,29,46,64,56,43,56,38,56,59,52,70,72,88,29,75,70,46,45,40,72,76,71,14,16,9,14,9,High / Medium,Harry Maguire,188 cm,79 kg,24
371,200408,73,28,24,73,59,20,30,31,22,50,58,63,64,56,63,68,33,75,63,78,28,58,72,24,29,21,76,77,73,12,8,16,16,11,Medium / Medium,Ben Gibson,185 cm,78 kg,24
372,207807,72,70,67,25,68,43,76,70,67,52,71,89,91,92,62,92,60,61,73,47,69,65,35,67,67,56,53,43,37,15,14,15,7,10,High / Medium,Ryan Fraser,163 cm,62 kg,23
373,202113,72,60,61,63,66,31,68,47,42,62,67,83,90,83,63,77,63,81,79,75,65,70,67,60,68,51,70,73,70,14,10,6,13,14,Medium / Medium,Moses Odubajo,177 cm,72 kg,23
374,193910,72,68,59,47,78,59,76,67,67,75,73,68,67,78,64,74,67,33,72,57,66,61,57,71,71,66,52,53,54,10,7,12,13,16,High / Medium,Adam Forshaw,185 cm,71 kg,25
375,188107,72,41,73,63,53,64,67,50,35,29,70,86,78,82,69,75,73,82,70,84,66,71,33,71,44,69,15,17,12,12,7,10,13,14,High / Low,Adama Valentin Diomande,180 cm,75 kg,27
376,233601,71,66,60,59,77,61,74,59,63,62,75,79,77,73,55,66,62,51,62,56,65,54,33,71,70,65,43,44,46,12,13,15,12,10,High / High,Ramadan Sobhi,183 cm,72 kg,19
377,232099,71,60,70,69,74,61,67,60,43,71,72,68,75,56,64,53,75,74,79,77,62,75,71,72,66,57,66,73,71,9,14,8,12,13,Medium / Medium,Marko Gruji,191 cm,82 kg,20
378,212419,71,70,35,63,65,30,69,45,37,59,65,78,78,73,67,54,41,64,79,80,30,73,70,57,54,32,68,71,70,7,10,13,7,15,Medium / Medium,Tyrone Mings,196 cm,77 kg,24
379,208534,71,23,52,76,59,45,47,22,24,52,60,55,58,50,64,51,53,78,60,80,21,67,71,25,26,32,72,70,69,14,12,12,14,10,Medium / Medium,Alfie Mawson,188 cm,81 kg,23
380,202695,71,29,21,72,62,17,58,27,57,60,65,67,68,62,61,63,33,72,68,75,23,65,69,18,33,34,70,75,71,14,8,12,9,7,Medium / Medium,James Tarkowski,191 cm,81 kg,24
381,163625,71,72,62,58,74,55,59,59,68,70,73,66,65,64,66,70,75,73,71,71,70,73,65,64,72,77,68,68,65,16,8,6,6,8,High / Medium,Grant Leadbitter,178 cm,79 kg,31
382,152690,71,10,10,13,34,19,10,10,11,12,23,33,43,44,66,36,22,59,29,59,12,12,15,10,32,18,16,14,18,71,69,73,74,69,Medium / Medium,Dimitrios Konstantopoulos,193 cm,90 kg,38
383,224294,70,57,56,47,75,44,75,48,57,68,76,79,74,79,69,82,60,60,79,63,57,79,66,55,66,45,61,66,65,6,15,12,15,13,Medium / Medium,Lewis Cook,175 cm,71 kg,20
384,205897,71,42,41,68,75,29,70,51,38,70,73,72,68,76,69,58,71,71,68,74,67,65,69,54,72,49,66,69,66,12,9,15,8,8,Medium / Medium,Nathaniel Chalobah,185 cm,80 kg,22
385,200309,70,64,47,53,62,39,69,49,43,46,67,87,91,72,54,62,49,60,88,74,44,69,66,66,60,51,60,63,72,8,13,12,9,12,High / Medium,Tendayi Darikwa,183 cm,77 kg,25
386,229984,69,66,38,55,65,39,72,60,46,59,69,82,78,70,64,68,39,74,73,61,35,69,64,65,65,50,65,68,67,10,7,14,7,10,High / Medium,Ben Chilwell,178 cm,71 kg,20
387,172966,69,63,39,53,60,43,59,44,66,48,63,64,62,67,59,80,47,72,85,72,40,52,63,52,55,39,72,73,77,16,15,7,7,7,Medium / Medium,Rhoys Wiggins,173 cm,72 kg,29
388,53739,69,19,17,14,26,15,11,17,19,24,20,56,49,63,67,45,24,71,37,69,19,42,23,14,56,20,12,13,19,71,61,69,69,70,Medium / Medium,Lee Grant,193 cm,83 kg,34
389,231281,68,66,58,58,74,41,65,52,50,67,61,83,83,74,60,75,62,66,81,57,46,67,60,62,63,55,62,63,63,14,15,14,6,7,High / Medium,Trent Alexander-Arnold,175 cm,69 kg,18
390,228295,68,52,30,64,62,27,65,33,30,44,68,64,66,60,66,71,48,73,76,75,27,60,63,40,55,38,66,70,68,14,11,10,14,13,Medium / Medium,Rob Holding,189 cm,75 kg,21
391,221618,68,29,71,67,45,47,74,34,31,33,56,85,84,74,52,65,76,70,53,74,76,33,18,66,47,75,14,15,17,12,14,13,6,16,Medium / Medium,Lys Mousset,184 cm,82 kg,21
392,212493,68,64,65,32,62,59,75,62,69,56,71,85,86,85,47,76,65,56,61,56,64,32,32,57,63,53,24,23,22,15,7,14,10,15,Medium / Medium,Sullay Kaikai,178 cm,70 kg,21
393,193884,68,67,65,60,67,61,67,64,63,59,67,69,75,64,59,61,64,70,91,63,63,56,59,62,68,65,56,59,53,6,9,9,8,6,Medium / Medium,Sam Clucas,188 cm,74 kg,26
394,188278,68,12,11,11,29,15,13,12,11,17,16,46,50,67,59,41,19,67,32,62,12,33,23,9,33,14,11,14,14,70,65,64,67,73,Medium / Medium,Mark Birighitti,189 cm,84 kg,25
395,225024,67,40,37,62,68,40,65,39,35,57,67,78,81,65,65,57,51,57,74,73,42,63,56,50,45,40,65,71,70,13,12,9,8,16,Medium / Medium,Mason Holgate,185 cm,74 kg,20
396,221890,67,54,52,76,73,45,63,49,33,67,72,69,68,70,57,64,67,57,69,76,50,75,66,57,64,51,70,71,73,11,11,8,11,7,Medium / High,Jay Fulton,178 cm,68 kg,22
397,203331,67,62,52,46,59,47,68,53,43,56,66,88,87,79,60,79,52,72,70,57,47,51,24,61,60,49,34,40,16,9,11,7,12,9,Medium / Medium,Lloyd Isgrove,178 cm,72 kg,24
398,202697,67,47,36,65,63,34,53,55,58,53,59,56,67,60,55,59,49,62,66,74,42,56,65,47,44,42,67,70,66,13,10,11,13,10,Medium / Medium,Jack Stephens,185 cm,84 kg,23
399,201911,67,40,65,62,68,62,68,48,47,51,69,77,75,74,55,63,73,63,63,60,61,55,39,65,56,67,32,28,20,10,11,15,11,6,Medium / Medium,Will Keane,187 cm,72 kg,24
400,50723,67,13,11,20,28,12,11,13,11,18,26,51,52,54,68,51,25,32,44,76,13,40,24,13,21,41,11,12,12,64,70,63,65,67,Medium / Medium,Stuart Taylor,196 cm,86 kg,36
401,236246,66,56,57,57,74,56,68,60,49,71,77,73,76,61,63,61,67,58,60,75,47,46,27,50,55,57,45,47,57,15,9,11,14,10,Medium / Medium,Oviemuno Ejaria,183 cm,75 kg,19
402,230005,66,44,48,52,70,40,66,43,38,65,69,72,75,63,62,70,48,57,74,66,47,73,56,60,67,42,48,64,58,11,12,9,14,10,Medium / Medium,Tom Davies,180 cm,78 kg,18
403,222528,66,58,56,51,67,53,69,55,58,65,70,82,79,57,59,78,64,54,59,65,55,76,31,54,65,59,47,54,50,13,13,11,14,8,Medium / Medium,Lynden Gooch,173 cm,69 kg,21
404,221350,66,45,68,64,53,49,67,48,31,35,67,87,86,77,55,72,67,76,58,57,49,34,19,66,61,60,20,21,29,9,11,16,11,7,High / Low,Thierry Ambrose,178 cm,71 kg,20
405,194146,66,23,14,65,45,16,47,35,32,37,51,53,54,60,57,51,56,80,34,78,25,70,64,48,30,31,65,66,67,8,14,7,8,7,Low / Medium,Kevin Long,187 cm,82 kg,26
406,231410,65,43,62,30,63,44,73,62,47,48,72,82,78,83,46,82,61,57,61,39,50,28,20,61,58,58,22,23,21,13,9,13,10,6,High / Medium,Brahim Daz,170 cm,68 kg,18
407,230899,65,51,64,49,53,58,70,48,34,39,61,84,84,82,59,80,70,68,58,54,69,68,13,66,44,65,16,13,12,12,12,9,15,6,Medium / Medium,Ademola Lookman,174 cm,78 kg,19
408,226401,65,54,64,52,63,56,68,56,51,63,68,73,73,73,60,73,67,52,59,47,65,48,33,56,59,54,46,49,52,8,13,7,14,8,Medium / Low,Kieran Dowell,177 cm,73 kg,19
409,216325,65,14,15,14,32,19,20,20,15,41,27,48,49,40,62,42,24,64,31,64,17,28,22,14,35,34,14,16,14,64,66,66,64,63,Medium / Medium,Angus Gunn,196 cm,77 kg,21
410,215211,65,37,30,69,63,21,60,29,30,52,54,68,55,57,54,55,26,61,56,74,28,55,60,35,34,39,62,68,64,7,7,9,13,9,Medium / High,Baily Cargill,189 cm,87 kg,21
411,205596,65,64,49,54,54,36,65,34,32,49,66,72,74,60,54,67,34,60,76,59,33,54,62,60,49,43,66,65,65,8,10,14,14,15,High / Medium,James Husband,179 cm,65 kg,23
412,229682,64,24,25,67,38,26,26,28,22,28,55,65,68,38,63,67,40,74,63,64,25,60,65,27,56,36,64,65,64,10,8,12,14,7,Medium / Medium,Dael Fry,191 cm,72 kg,19
413,228813,64,54,61,43,74,44,65,65,50,72,71,66,67,72,51,81,62,55,61,48,51,45,42,48,67,49,44,46,48,16,8,9,10,7,Medium / Low,Aleix Garca,173 cm,74 kg,19
414,228332,64,43,35,61,65,42,61,45,48,59,58,71,76,66,56,74,70,61,65,73,38,78,61,37,56,51,64,64,62,9,14,8,10,11,Medium / High,Hamza Choudhury,178 cm,64 kg,19
415,225782,64,60,51,38,68,39,65,44,36,66,63,79,75,74,62,70,58,58,72,68,54,58,61,56,60,54,57,59,58,15,9,7,10,13,Medium / Medium,Ainsley Maitland-Niles,177 cm,71 kg,19
416,215756,64,67,47,47,60,42,68,67,47,57,65,74,78,74,62,73,48,61,61,59,51,55,56,47,57,52,62,63,61,12,12,12,7,9,Medium / Medium,Sam McQueen,180 cm,70 kg,22
417,203841,64,11,14,11,32,14,13,11,12,35,24,50,45,29,52,45,36,59,32,52,14,36,17,13,22,22,15,15,14,67,65,59,63,66,Medium / Medium,Nick Pope,192 cm,76 kg,24
418,199812,64,15,11,13,35,15,12,14,12,34,26,42,42,48,65,44,22,48,40,58,15,28,28,13,19,27,20,11,11,64,58,65,60,67,Medium / Medium,Ryan Allsop,189 cm,79 kg,24
419,236248,63,43,61,44,62,45,64,47,43,51,65,86,76,78,60,80,66,60,64,55,59,31,28,63,51,62,16,15,21,14,7,7,8,12,High / Medium,Ben Woodburn,174 cm,72 kg,17
420,235855,63,35,64,56,60,55,73,51,39,47,65,89,87,74,55,78,66,58,58,57,54,36,18,42,58,60,22,17,20,8,11,12,11,11,Medium / Medium,Joel Asoro,175 cm,70 kg,17
421,231447,63,42,65,64,57,43,59,46,35,35,54,77,80,50,63,65,54,64,50,73,59,38,19,62,54,75,22,17,16,7,9,9,10,14,Medium / Medium,Donyell Malen,180 cm,75 kg,18
422,228509,63,41,41,54,68,46,72,46,43,62,59,82,75,79,62,59,63,64,54,57,46,45,47,62,61,53,41,41,42,10,15,11,16,8,Medium / Medium,Jeff Reine-Adelade,183 cm,75 kg,19
423,224656,63,60,33,51,46,36,64,42,37,43,56,77,79,63,56,78,32,61,62,64,35,57,63,54,38,49,62,64,66,7,14,10,10,9,High / Medium,Ola Aina,175 cm,65 kg,20
424,222104,63,30,30,65,57,25,44,26,22,49,62,67,61,58,54,56,31,68,75,72,22,52,52,28,32,35,61,67,63,14,11,11,8,9,Medium / Medium,Tosin Adarabioyo,196 cm,80 kg,19
425,221479,63,46,65,52,50,59,65,42,42,35,61,80,82,82,57,71,65,67,69,58,56,49,34,63,54,54,23,31,21,12,12,8,7,11,High / Low,Dominic Calvert-Lewin,187 cm,64 kg,20
426,218660,63,58,57,42,61,54,68,58,45,52,65,82,83,61,46,78,58,45,58,54,53,37,20,53,56,67,26,31,36,10,10,13,11,9,Medium / Medium,Josh Sims,168 cm,67 kg,20
427,213900,63,43,65,55,60,62,61,51,48,46,60,70,69,56,51,69,63,67,59,65,62,34,16,64,50,64,22,21,21,7,9,8,16,6,Medium / Low,Ryan Seager,176 cm,75 kg,21
428,210317,63,62,43,49,67,46,59,56,38,58,64,64,63,49,55,51,55,61,63,58,52,62,62,57,51,39,63,67,60,9,15,9,10,12,Medium / Medium,Brian Lenihan,178 cm,78 kg,22
429,220031,62,36,65,62,52,50,50,42,31,37,54,71,69,59,61,62,66,66,72,65,54,27,21,61,48,59,12,19,14,13,11,12,13,13,High / Medium,Oliver McBurnie,188 cm,74 kg,20
430,218661,62,50,57,52,71,51,66,64,56,66,69,62,68,63,52,67,65,54,53,59,44,51,28,54,64,55,49,53,52,7,9,9,14,10,Medium / Medium,Jake Flannigan,180 cm,71 kg,21
431,209532,62,14,17,12,36,23,14,18,20,35,22,50,55,60,69,44,21,57,36,64,15,31,26,13,20,31,16,11,11,60,58,54,60,65,Medium / Medium,Daniel Bachmann,191 cm,81 kg,22
432,197932,62,49,62,51,53,51,54,50,47,43,55,85,84,80,66,82,56,67,59,60,54,47,37,69,40,58,27,31,25,8,6,13,10,6,High / Low,Kwesi Appiah,180 cm,80 kg,26
433,237479,61,43,39,56,77,43,56,47,46,63,61,69,65,50,55,78,70,58,57,52,43,64,46,55,55,54,49,56,54,14,10,6,8,10,Medium / Medium,Ben Liddle,170 cm,75 kg,18
434,236464,61,43,70,66,51,44,51,41,43,41,60,65,65,52,55,68,56,61,53,47,55,33,17,58,54,66,16,18,22,14,5,12,11,10,High / Low,Julien Ngoy,185 cm,70 kg,19
435,236247,61,45,60,56,73,46,55,41,46,64,62,75,78,58,55,79,63,58,56,42,50,66,49,60,52,55,49,57,62,11,12,6,14,9,High / Medium,Herbie Kane,173 cm,67 kg,18
436,227995,61,50,42,55,72,40,55,65,64,65,59,66,68,60,63,73,71,61,61,44,58,55,49,58,50,55,50,50,59,6,7,14,11,9,High / Medium,Liam Walsh,178 cm,66 kg,19
437,225383,61,51,49,58,68,58,63,63,48,68,68,55,57,61,59,69,53,54,47,44,44,49,28,56,63,56,47,55,57,10,7,7,11,9,Medium / Medium,Harry Charsley,178 cm,64 kg,20
438,223979,61,52,61,38,57,54,60,55,48,49,58,77,79,80,49,88,68,46,68,47,65,48,37,58,52,59,40,20,16,14,15,7,15,8,High / Medium,Paolo Fernandes,173 cm,69 kg,18
439,223963,61,48,24,60,53,26,45,33,35,51,50,72,68,63,56,72,44,76,64,65,33,56,54,50,39,40,65,64,58,7,14,16,12,6,Medium / Medium,Cameron Humphreys-Grant,187 cm,80 kg,18
440,237966,60,52,52,48,62,51,60,56,52,63,62,63,65,70,60,68,63,56,54,50,46,47,33,48,62,55,45,48,47,11,12,7,9,15,High / Medium,Paulo Alves,175 cm,70 kg,19
441,237337,60,61,47,45,54,53,73,55,42,51,66,60,69,57,44,81,69,46,50,39,48,39,20,46,58,70,35,37,49,9,7,10,15,12,Medium / Medium,Thibaud Verlinden,173 cm,64 kg,17
442,235161,60,43,62,50,54,54,61,61,37,49,62,71,77,55,58,64,66,52,50,56,55,38,14,47,52,63,17,22,23,14,8,15,5,7,Medium / Medium,Josh Maja,180 cm,67 kg,18
443,232104,60,56,58,44,54,50,66,48,44,43,59,83,81,75,42,71,71,53,51,56,40,39,21,52,54,55,25,27,31,7,6,11,15,9,High / Medium,Daniel James,180 cm,76 kg,19
444,232102,60,29,30,62,35,33,33,28,37,32,35,61,55,44,50,47,46,60,57,70,22,56,62,33,36,43,55,64,63,9,7,10,6,12,Medium / Medium,Conor Masterson,189 cm,72 kg,18
445,230882,60,37,30,63,34,37,37,29,36,36,39,55,62,40,49,62,43,72,61,64,26,48,59,27,33,45,59,67,66,8,6,5,8,6,Medium / Medium,Jack Simpson,178 cm,83 kg,20
446,229348,60,55,33,52,37,32,65,35,39,33,52,67,64,54,63,67,32,54,57,42,31,55,60,49,40,45,59,64,65,12,9,15,14,9,Medium / Medium,Antonee Robinson,181 cm,64 kg,19
447,228407,60,44,42,58,67,51,58,46,47,63,62,55,68,67,58,68,54,64,54,56,47,59,51,62,57,53,49,47,54,11,16,14,10,10,Medium / Medium,Eddy Lecygne,181 cm,67 kg,23
448,228382,60,37,62,59,44,41,59,36,29,38,60,76,80,62,47,58,49,60,59,76,53,60,16,59,51,50,21,23,25,11,9,15,10,6,High / Medium,Dan Agyei,183 cm,77 kg,19
449,225785,60,35,57,38,55,43,69,43,30,43,61,83,82,65,55,73,50,56,61,52,46,27,23,60,50,60,16,11,16,9,10,8,9,9,Medium / Medium,Chris Willock,178 cm,67 kg,19
450,223977,60,50,54,35,47,34,66,41,29,39,58,85,87,78,53,74,50,48,62,34,41,42,14,56,55,59,14,19,12,14,14,14,15,6,High / Medium,Aaron Nemane,170 cm,62 kg,19
451,220710,60,55,61,47,55,50,63,56,62,53,62,81,79,69,42,84,60,45,52,43,53,31,21,54,52,61,36,37,36,7,13,9,15,7,Medium / Medium,Harry Wilson,170 cm,70 kg,20
452,216867,60,34,67,56,50,44,49,41,31,33,57,81,80,60,51,73,55,60,57,63,51,35,22,53,45,51,14,22,18,14,11,7,9,14,High / Low,Bradley Fewster,178 cm,70 kg,21
453,216794,60,36,64,50,61,55,61,63,38,48,57,69,54,58,63,63,67,51,58,67,64,40,22,46,62,57,23,24,24,9,11,10,6,10,Medium / Medium,Courtney Duffus,188 cm,76 kg,21
454,213686,60,55,25,44,55,30,56,27,32,53,53,70,73,60,57,67,38,63,61,64,29,62,62,49,40,39,55,56,60,8,13,7,14,9,Medium / Medium,Donald Love,178 cm,72 kg,22
455,208668,60,53,59,54,57,54,68,51,52,44,65,69,74,72,48,62,61,65,56,68,58,47,28,49,44,53,15,19,12,11,14,15,16,9,Medium / Medium,David Henen,185 cm,75 kg,20
456,237459,59,43,59,55,48,46,53,46,39,39,58,79,81,56,59,57,58,55,56,49,57,36,13,53,57,55,23,18,22,7,14,9,10,8,Medium / Medium,Ogo Obi,182 cm,70 kg,18
457,236041,59,54,53,60,58,50,55,51,49,43,56,64,57,53,61,72,60,66,57,52,54,36,15,63,49,50,20,14,15,12,8,12,14,14,High / Medium,Ben Hinchliffe,178 cm,74 kg,19
458,234247,59,64,35,54,42,35,52,42,43,32,46,80,85,67,52,72,33,62,78,64,37,55,53,57,36,41,53,56,52,11,7,12,13,7,High / Medium,Ollie Harfield,178 cm,78 kg,19
459,233934,59,15,14,25,21,23,28,16,29,19,26,33,36,45,50,52,35,58,35,51,24,35,12,5,41,28,12,11,19,59,57,49,54,67,Medium / Medium,Aaron Ramsdale,188 cm,77 kg,18
460,233793,59,55,36,49,38,34,60,40,34,29,45,70,75,51,54,55,36,62,78,72,37,57,54,52,44,43,54,66,59,11,9,13,13,9,High / Medium,Aaron Lewis,183 cm,85 kg,18
461,231673,59,41,44,49,64,33,56,48,46,64,63,69,73,78,53,71,56,60,57,65,51,45,53,42,61,47,45,47,46,8,10,11,5,5,Medium / Medium,Luke Dreher,183 cm,76 kg,18
462,231445,59,49,61,54,63,54,69,55,43,59,59,73,75,50,56,65,61,54,61,71,54,47,39,45,63,62,32,42,44,11,13,8,10,14,Medium / Medium,Josh Dasilva,180 cm,75 kg,18
463,230640,59,34,59,63,48,51,56,44,32,36,51,73,68,59,51,55,64,58,60,66,60,30,17,50,44,62,15,19,18,9,6,12,8,11,Medium / Medium,Botti Biabi,188 cm,76 kg,21
464,229779,59,34,25,56,43,35,37,33,33,35,36,55,55,41,49,58,48,68,63,55,23,54,58,25,33,41,61,67,66,13,12,13,10,8,Medium / Medium,Liam Edwards,190 cm,80 kg,20
465,229718,59,50,47,43,65,39,60,65,70,64,63,70,69,65,53,70,68,60,55,38,57,43,43,42,62,40,37,40,39,6,7,12,5,10,High / Medium,Will Patching,185 cm,70 kg,18
466,224017,59,49,42,57,64,38,53,44,51,61,55,54,54,57,52,65,43,60,48,72,39,58,49,37,61,53,54,60,58,8,6,9,16,7,Medium / Medium,Jordan Williams,188 cm,68 kg,21
467,216270,59,56,54,47,60,39,60,56,52,57,62,69,69,59,51,65,58,54,49,56,42,46,29,50,64,60,46,53,51,11,15,16,10,8,Medium / Medium,George Honeyman,173 cm,72 kg,22
468,175603,59,17,15,14,26,12,13,11,11,23,22,52,54,55,51,28,25,58,17,70,16,37,10,16,33,21,14,14,11,67,54,54,54,61,Medium / Medium,Rene Gilmartin,197 cm,101 kg,29
469,236042,58,44,40,63,58,41,54,48,50,53,56,61,59,57,55,56,50,58,53,62,42,66,52,39,45,57,57,52,56,6,9,8,6,7,Medium / Medium,Ellis Barkworth,174 cm,74 kg,19
470,235156,58,32,28,56,58,34,38,31,28,46,40,55,53,47,56,54,37,62,58,56,28,50,55,24,37,35,53,65,68,8,13,14,6,14,Medium / High,Jimmy Dunne,181 cm,75 kg,19
471,235043,58,52,32,55,69,36,57,49,45,66,54,56,62,56,56,62,56,63,50,56,41,63,56,36,51,41,65,70,61,10,14,7,9,7,Medium / High,Robbie Leitch,182 cm,75 kg,18
472,233796,58,44,42,58,62,36,54,41,46,57,61,56,64,59,55,55,57,60,49,56,38,61,57,31,54,54,55,58,55,8,9,6,7,12,Medium / Medium,Jack Evans,178 cm,69 kg,18
473,233064,58,50,54,31,58,43,56,50,52,53,55,72,66,68,45,67,61,34,54,31,58,41,32,53,61,60,26,34,31,11,12,13,8,12,High / Medium,Mason Mount,175 cm,64 kg,18
474,232759,58,55,25,41,55,28,60,47,29,40,59,62,68,59,54,73,25,58,58,44,31,59,56,37,37,40,57,60,58,13,13,9,12,11,Medium / Medium,Josh Tymon,178 cm,74 kg,17
475,232757,58,53,47,31,61,48,61,54,52,57,60,62,65,71,48,68,52,34,56,34,51,46,41,48,65,50,34,52,51,12,12,9,11,9,Medium / Medium,Kyle Scott,172 cm,60 kg,19
476,232544,58,53,52,52,64,55,61,54,50,60,65,64,60,59,56,59,66,57,53,62,45,40,30,55,55,64,42,52,55,7,15,7,11,8,High / Medium,Ryan Blair,186 cm,76 kg,21
477,229345,58,13,10,13,25,10,13,16,17,24,17,47,42,30,57,66,30,60,24,40,12,30,23,17,17,26,21,19,19,65,47,48,55,62,Medium / Medium,Mateusz Hewelt,183 cm,64 kg,20
478,229266,58,34,23,52,45,34,38,25,32,38,40,67,55,49,45,67,43,70,52,60,24,47,58,23,31,40,60,64,61,10,13,7,11,8,Medium / Medium,Joe Rodon,190 cm,76 kg,19
479,227681,58,35,62,48,51,48,50,43,34,39,54,74,70,58,58,65,60,63,62,57,55,37,20,55,51,58,20,16,23,13,16,12,11,12,High / Medium,Greg Luer,180 cm,73 kg,22
480,225698,58,30,56,62,40,50,55,35,29,31,54,76,78,59,55,70,59,72,53,48,52,30,19,54,44,65,18,13,18,14,13,7,11,13,Medium / Medium,Ola Adeyemo,183 cm,74 kg,22
481,225543,58,20,15,21,29,19,20,19,12,26,27,41,45,33,56,63,26,55,25,51,16,20,20,11,23,25,13,19,17,60,53,56,52,63,Medium / Medium,Bradley Collins,184 cm,69 kg,20
482,211505,58,38,27,63,43,35,33,36,35,38,39,54,48,42,56,48,51,70,58,62,22,50,59,27,37,45,58,58,57,8,7,11,8,13,Medium / Medium,Alex Davey,191 cm,84 kg,22
483,235263,57,32,26,58,46,37,36,32,36,42,39,53,58,48,53,47,41,54,63,67,24,65,54,33,31,48,52,57,54,6,6,11,13,8,Medium / Medium,Elliott Moore,195 cm,78 kg,20
484,234743,57,35,56,62,49,48,53,47,48,42,60,62,68,64,49,52,56,65,60,60,43,52,26,54,47,55,25,25,24,8,14,14,7,12,Medium / Medium,Admiral Muskwe,183 cm,71 kg,18
485,234645,57,45,37,51,31,36,70,35,36,30,36,61,56,59,59,43,32,58,55,45,29,56,61,46,39,45,57,68,67,13,14,12,9,6,High / Medium,Nathan McGinley,175 cm,75 kg,20
486,234555,57,53,51,40,52,48,60,50,55,50,58,78,79,70,43,59,61,54,53,65,50,36,27,45,48,49,18,24,23,13,6,9,6,12,Medium / Low,Andre Coker,184 cm,81 kg,19
487,234431,57,40,29,60,37,28,41,44,38,34,46,62,63,57,49,56,56,71,58,64,42,53,55,37,34,48,56,59,58,6,7,15,14,8,Medium / Medium,Ben Wynter,185 cm,76 kg,19
488,230697,57,59,53,52,63,56,59,56,57,60,62,63,64,63,61,61,65,53,45,53,46,45,31,53,56,60,43,46,56,7,8,15,7,12,Medium / Medium,Ethan Robson,180 cm,68 kg,20
489,227854,57,32,22,55,61,25,42,28,23,29,60,62,55,34,49,65,38,70,60,57,19,46,50,28,54,39,56,61,59,7,6,11,15,13,Medium / Medium,Matty Foulds,183 cm,74 kg,19
490,224371,57,42,57,62,53,45,54,43,44,41,55,65,62,68,56,70,49,60,58,61,48,42,18,53,57,61,21,24,24,14,8,14,10,7,Medium / Medium,Jarrod Bowen,174 cm,70 kg,21
491,224263,57,46,28,62,57,33,47,43,34,50,52,58,65,60,53,71,44,70,62,58,30,59,50,35,46,51,56,60,58,6,13,16,13,15,Medium / Medium,Jonjoe Kenny,176 cm,74 kg,20
492,220774,57,47,24,58,40,38,51,29,33,35,49,64,64,57,56,65,43,68,58,60,31,56,59,32,38,48,55,62,59,12,6,11,7,9,Medium / Medium,Joshua Debayo,183 cm,68 kg,20
493,236043,56,50,38,60,58,50,55,45,39,54,55,63,67,51,56,68,60,63,55,54,45,65,50,63,56,50,55,58,56,9,12,10,7,12,High / Medium,Daniel Batty,178 cm,75 kg,19
494,234252,56,33,22,54,34,31,34,33,34,29,47,62,58,44,51,62,41,61,53,57,22,57,58,25,33,49,51,60,59,12,14,5,15,10,Medium / High,Corey Jordan,185 cm,80 kg,18
495,234249,56,33,56,60,48,50,50,38,28,28,56,49,55,50,50,67,57,63,61,68,50,59,18,56,49,55,29,26,23,10,8,7,13,15,High / Medium,Sam Surridge,191 cm,77 kg,18
496,230918,57,48,32,56,49,34,46,48,46,46,49,76,75,51,54,62,46,64,52,63,31,51,56,34,36,42,52,57,55,5,5,9,9,7,Medium / Medium,Trevoh Chalobah,190 cm,77 kg,17
497,230861,56,46,28,53,37,29,63,40,42,32,41,62,55,58,60,49,31,56,59,49,29,64,57,42,41,47,54,64,65,6,11,5,13,5,Medium / Medium,Josh Robson,180 cm,73 kg,19
498,228410,56,17,14,16,27,20,11,16,11,21,16,40,44,32,50,48,23,59,44,67,15,19,20,19,33,21,20,18,13,62,50,59,50,58,Medium / Medium,Daniel Iversen,193 cm,80 kg,19
499,224887,56,33,63,53,49,42,44,41,29,29,54,76,73,57,48,73,62,64,50,43,63,30,12,48,47,68,15,13,12,13,13,15,13,16,Medium / Medium,Dom Telford,175 cm,72 kg,20
500,222503,56,16,14,18,29,17,16,13,14,26,24,40,48,32,55,54,24,52,38,55,21,28,23,15,20,31,16,14,18,60,54,54,50,57,Medium / Medium,Harry Isted,186 cm,74 kg,20
501,236364,55,51,39,41,56,43,60,56,57,52,51,69,65,65,57,65,47,49,49,49,38,42,33,45,55,46,36,39,36,9,8,13,14,12,Medium / Medium,Dylan Watts,178 cm,68 kg,19
502,234708,55,28,33,49,44,32,39,30,34,49,43,56,58,55,50,52,49,66,51,66,45,67,51,30,33,45,51,53,52,9,11,6,14,14,Medium / Medium,Charlie Rowan,185 cm,78 kg,19
503,232837,55,34,25,62,49,26,28,30,21,47,48,61,64,48,41,57,37,63,61,65,22,56,52,29,24,36,45,57,55,14,10,7,7,13,Medium / Medium,Ali Suljic,188 cm,80 kg,19
504,230604,55,54,49,42,47,47,55,44,39,44,56,73,75,70,34,75,50,49,59,48,39,35,21,51,48,45,30,24,23,10,7,7,14,7,Medium / Medium,Bradley Jackson,175 cm,70 kg,20
505,234709,54,32,33,56,33,29,30,38,39,31,31,55,55,48,50,53,50,66,54,64,49,59,52,29,32,40,50,53,52,15,14,12,13,10,Medium / Medium,Connor Stevens,187 cm,79 kg,19
506,234706,54,52,34,36,43,33,54,44,48,42,53,78,78,64,49,72,44,60,54,42,38,55,50,47,37,43,50,50,49,13,7,6,6,15,Medium / Medium,Brandon Mason,175 cm,70 kg,19
507,234248,54,16,7,16,22,7,9,16,9,21,11,33,27,31,37,41,19,66,28,25,11,22,15,6,39,17,4,16,11,56,61,51,49,54,Medium / Medium,Callum Stanton,185 cm,64 kg,19
508,233528,54,28,55,46,48,35,46,36,30,30,44,91,90,72,50,71,52,59,66,56,48,31,17,49,43,51,11,15,14,7,9,11,12,13,Medium / Medium,Khius Metz,180 cm,65 kg,19
509,231172,54,11,8,14,52,9,12,12,11,40,40,30,26,40,50,39,17,52,41,64,5,40,9,4,32,11,9,22,11,51,54,56,55,52,Medium / Medium,Jordan Holmes,188 cm,82 kg,19
510,226902,54,20,13,16,23,21,12,12,13,27,21,46,40,30,48,58,23,58,26,54,16,26,26,8,11,32,18,15,20,60,47,50,44,63,Medium / Medium,Patrick O'Flaherty,196 cm,72 kg,19
511,223804,54,13,13,15,31,16,18,17,17,20,24,39,40,33,47,54,23,41,30,42,16,20,9,9,21,29,17,16,17,54,53,52,52,56,Medium / Medium,Conor Mitchell,183 cm,74 kg,20
512,221545,54,48,43,47,70,42,51,48,42,66,52,65,67,58,49,66,56,53,34,58,42,40,29,50,51,51,35,47,51,11,9,14,14,8,Medium / Medium,Mark Waddington,183 cm,66 kg,20
513,235458,53,32,26,49,37,28,35,28,28,28,41,57,60,48,57,59,49,69,62,88,30,55,48,27,36,36,41,51,43,9,10,7,7,14,Low / Medium,Cdric Kipr,196 cm,95 kg,20
514,235321,53,53,45,48,53,35,51,43,35,46,50,65,63,58,56,62,39,57,56,52,34,57,54,49,43,44,48,53,48,13,13,14,8,7,Medium / Medium,Matty Miles,178 cm,67 kg,20
515,233833,53,30,64,56,47,41,50,36,31,30,52,50,55,84,47,85,47,68,53,48,51,32,17,48,48,62,18,11,15,14,14,10,9,9,Medium / Medium,Jamie Thomas,178 cm,70 kg,20
516,233516,53,30,25,55,47,25,38,22,23,29,30,64,55,43,45,53,36,69,56,52,19,51,51,22,34,38,49,56,58,11,6,7,15,15,Medium / Medium,Taofiq Olomowewe,191 cm,70 kg,20
517,231639,53,48,26,45,31,24,56,30,30,26,42,69,67,59,54,69,25,55,57,50,22,56,53,44,31,35,45,54,56,12,14,14,13,9,Medium / Medium,Arlen Birch,178 cm,72 kg,20
518,230812,53,40,28,51,61,39,48,33,40,57,53,68,66,50,56,73,51,57,64,48,42,59,44,51,44,44,41,47,53,11,6,9,8,14,Medium / Medium,Alex Pattison,176 cm,70 kg,19
519,230807,53,47,25,45,29,28,56,31,30,29,41,65,61,59,51,72,28,61,58,49,26,51,56,50,37,34,46,55,59,14,13,11,9,7,Medium / Medium,Hayden Coulson,177 cm,70 kg,18
520,225779,53,39,43,49,53,38,43,42,41,48,47,60,64,61,51,72,53,59,57,58,39,54,48,43,49,48,50,55,51,15,10,15,13,11,Medium / Medium,Ben Sheaf,185 cm,64 kg,19
521,234705,52,49,33,40,43,36,50,41,39,41,48,69,70,58,46,62,40,60,53,50,36,61,49,40,40,44,48,51,50,13,14,8,10,14,Medium / Medium,Andrew Eleftheriou,178 cm,75 kg,19
522,230808,52,24,26,47,32,27,22,28,26,24,28,58,55,45,43,67,42,67,64,56,22,42,48,29,26,33,52,62,57,15,5,6,11,13,Medium / Medium,Matthew Elsdon,180 cm,72 kg,19
523,213676,52,15,12,17,22,12,15,18,13,18,24,45,45,34,53,60,21,58,34,61,14,25,23,13,20,28,17,13,16,56,47,44,49,54,Medium / Medium,Mitchell Beeney,182 cm,78 kg,21
524,231681,51,14,15,11,18,14,15,13,11,21,20,33,38,32,52,54,22,52,18,44,11,17,14,15,21,22,14,13,12,52,48,45,48,51,Medium / Medium,Will Mannion,186 cm,74 kg,18
525,230889,51,44,42,33,45,39,54,46,33,46,55,67,68,53,31,70,59,40,52,49,35,28,16,49,47,45,23,31,29,11,8,5,7,13,Medium / Medium,Christian Hill,178 cm,71 kg,20
526,229684,51,39,31,50,59,42,47,41,39,55,44,64,65,68,50,80,53,55,60,45,34,54,40,54,47,39,33,48,50,9,13,6,6,9,Medium / Medium,Lewis Maloney,172 cm,60 kg,21
527,231279,48,39,26,44,52,30,45,32,36,53,49,67,60,54,48,78,53,56,59,44,36,50,42,50,40,35,35,39,43,12,13,7,14,10,Medium / Medium,Carl Stewart,174 cm,68 kg,19
