,id,pac,f16_Rating,f16_Crossing,f16_Finishing,f16_Heading,f16_Short_Pass,f16_Volleys,f16_Dribbling,f16_Curve,f16_Freekick_Accuracy,f16_Long_Pass,f16_Ball_Control,f16_Acceleration,f16_Speed,f16_Agility,f16_Reactions,f16_Balance,f16_Shot_Power,f16_Jumping,f16_Stamina,f16_Strength,f16_Long_shots,f16_Aggression,f16_Interceptions,f16_Attacking_Position,f16_Vision,f16_penalties,f16_Marking,f16_Standing_Tackle,f16_Sliding_Tackle,f16_GK_Diving,f16_GK_Handling,f16_GK_Kicking,f16_GK_Positioning,f16_GK_Reflexes,f16_Height,f16_Weight,f16_Age,f16_Att_WR,f16_Def_WR,f17_Rating,f17_Height,f17_Weight,f17_Age,f17_Weak_foot,f17_Skill_Moves,f17_Ball_Control,f17_Dribbling,f17_Marking,f17_Sliding_Tackle,f17_Standing_Tackle,f17_Aggression,f17_Reactions,f17_Attacking_Position,f17_Interceptions,f17_Vision,f17_Composure,f17_Crossing,f17_Short_Pass,f17_Long_Pass,f17_Acceleration,f17_Speed,f17_Stamina,f17_Strength,f17_Balance,f17_Agility,f17_Jumping,f17_Heading,f17_Shot_Power,f17_Finishing,f17_Long_Shots,f17_Curve,f17_Freekick_Accuracy,f17_Penalties,f17_Volleys,f17_GK_Positioning,f17_GK_Diving,f17_GK_Kicking,f17_GK_Handling,f17_GK_Reflexes,f17_Att_WR,f17_Def_WR,f16_Att_WR_indexed,f17_Att_WR_indexed,f16_Def_WR_indexed,f17_Def_WR_indexed,f16_Att_WR_he,f17_Att_WR_he,f16_Def_WR_he,f17_Def_WR_he,pac_pred
0,3484,33,75,63,29,77,61,32,46,55,35,58,68,42,32,51,74,54,49,61,66,77,23,78,77,32,55,47,77,79,76,9,14,13,10,14,190,185,34,medium,high,74,190,185,35,3,2,64,46,76,73,78,75,71,32,76,55,69,53,61,57,34,32,34,77,54,49,61,77,49,29,23,51,35,47,32,10,9,13,14,14,medium,high,0.0,0.0,1.0,1.0,"(2,[0],[1.0])","(2,[0],[1.0])","(2,[1],[1.0])","(2,[1],[1.0])",39.78333333333333
1,20289,63,85,67,82,74,86,68,81,80,85,83,83,70,80,64,85,55,86,65,86,92,84,78,66,81,85,85,63,78,75,13,14,6,12,8,187,198,32,medium,low,84,189,198,33,4,3,82,79,66,75,76,78,82,80,60,85,83,67,86,83,69,78,80,91,55,60,65,74,86,82,85,80,85,89,68,12,13,6,14,8,medium,medium,0.0,0.0,2.0,0.0,"(2,[0],[1.0])","(2,[0],[1.0])","(2,[],[])","(2,[0],[1.0])",65.81666666666666
2,49212,74,77,13,13,11,24,12,14,15,12,23,20,42,43,51,77,57,24,74,36,43,12,21,22,10,70,22,12,12,15,80,72,71,74,82,185,192,36,medium,medium,72,186,192,37,3,1,14,12,12,15,12,21,68,8,17,34,35,13,24,23,42,43,33,43,55,48,74,11,20,13,12,15,12,22,12,69,75,67,70,74,medium,medium,0.0,0.0,0.0,0.0,"(2,[0],[1.0])","(2,[0],[1.0])","(2,[0],[1.0])","(2,[0],[1.0])",74.81666666666666
3,50723,67,67,13,11,20,28,12,11,13,11,18,26,51,52,54,68,51,25,32,44,76,13,40,24,13,21,41,11,12,12,64,70,63,65,67,196,190,36,medium,medium,67,196,190,36,2,1,26,11,11,12,12,40,68,13,24,21,62,13,28,18,51,52,44,76,51,54,32,20,25,11,13,13,11,41,12,65,64,63,70,67,medium,medium,0.0,0.0,0.0,0.0,"(2,[0],[1.0])","(2,[0],[1.0])","(2,[0],[1.0])","(2,[0],[1.0])",66.7
4,53739,74,69,19,17,14,26,15,11,17,19,24,20,56,49,63,67,45,24,71,37,69,19,42,23,14,56,20,12,13,19,71,61,69,69,70,193,183,34,medium,medium,69,193,183,34,4,1,20,11,12,19,13,42,67,14,23,56,59,19,26,24,56,49,37,69,45,63,71,14,24,17,19,17,19,20,15,69,71,69,61,70,medium,medium,0.0,0.0,0.0,0.0,"(2,[0],[1.0])","(2,[0],[1.0])","(2,[0],[1.0])","(2,[0],[1.0])",71.43333333333334
5,122849,76,76,61,75,73,65,71,78,57,56,49,75,75,81,75,75,61,84,78,73,84,70,47,28,77,66,67,22,43,26,10,6,7,12,7,182,179,31,medium,medium,75,182,179,33,4,3,75,75,22,26,43,47,71,73,28,66,72,61,67,49,75,78,73,84,61,75,78,72,80,73,70,57,56,67,71,12,10,7,6,7,medium,medium,0.0,0.0,0.0,0.0,"(2,[0],[1.0])","(2,[0],[1.0])","(2,[0],[1.0])","(2,[0],[1.0])",72.51666666666667
6,135883,65,72,75,25,68,70,26,69,51,61,64,73,73,70,60,65,60,64,50,79,77,62,73,68,58,59,44,73,77,70,12,6,10,8,12,190,196,30,high,medium,74,191,198,32,4,2,73,69,74,75,77,73,67,58,71,62,69,75,73,66,68,70,76,77,60,58,55,68,64,25,62,51,61,44,26,8,12,10,6,12,high,medium,1.0,1.0,0.0,0.0,"(2,[1],[1.0])","(2,[1],[1.0])","(2,[0],[1.0])","(2,[0],[1.0])",66.0
7,136113,37,73,17,19,73,56,23,56,14,18,44,62,48,55,31,67,52,52,74,73,91,35,72,70,39,51,17,75,75,70,14,10,6,7,8,185,205,31,medium,medium,77,185,205,33,3,2,62,56,77,76,78,79,76,39,78,49,62,17,56,44,46,54,73,91,52,31,76,75,52,19,35,14,18,17,23,7,14,6,10,8,medium,medium,0.0,0.0,0.0,0.0,"(2,[0],[1.0])","(2,[0],[1.0])","(2,[0],[1.0])","(2,[0],[1.0])",42.25
8,142784,61,82,75,49,76,72,53,74,68,66,64,77,72,73,71,86,66,66,84,85,79,57,90,86,71,66,64,86,87,86,10,14,15,7,5,177,168,30,high,high,81,178,163,32,3,3,76,73,84,83,84,88,85,71,85,66,70,75,72,64,67,68,82,79,66,71,84,76,66,49,57,68,66,64,53,7,10,15,14,5,high,high,1.0,1.0,1.0,1.0,"(2,[1],[1.0])","(2,[1],[1.0])","(2,[1],[1.0])","(2,[1],[1.0])",63.95
9,146439,63,81,53,82,84,76,82,75,68,69,66,81,67,70,68,79,55,84,76,72,90,77,80,32,82,68,80,36,34,32,11,6,11,7,13,185,190,30,high,high,81,186,181,31,3,3,79,72,36,32,34,78,76,80,32,64,67,53,75,66,64,65,65,88,57,67,79,83,85,81,77,68,69,80,81,7,11,11,6,13,medium,medium,1.0,0.0,1.0,0.0,"(2,[1],[1.0])","(2,[0],[1.0])","(2,[1],[1.0])","(2,[0],[1.0])",64.2
10,152514,66,75,84,74,41,74,71,80,71,77,70,75,81,76,76,70,79,77,73,73,68,75,62,32,74,74,73,26,46,38,13,13,14,16,12,172,157,29,medium,low,76,173,157,30,2,3,75,76,58,50,54,72,72,76,48,76,71,77,76,74,72,74,74,66,83,74,73,41,77,69,74,76,78,73,70,16,13,14,13,12,medium,medium,0.0,0.0,2.0,0.0,"(2,[0],[1.0])","(2,[0],[1.0])","(2,[],[])","(2,[0],[1.0])",71.8
11,153938,50,76,80,56,76,70,43,73,63,57,71,75,64,60,68,75,55,66,75,81,76,59,68,82,65,71,59,78,80,77,13,16,8,6,6,180,181,32,medium,medium,76,180,181,34,3,3,75,73,78,77,80,68,75,65,82,71,80,80,70,71,64,55,75,76,55,68,75,76,66,56,59,63,57,59,43,6,13,8,16,6,medium,medium,0.0,0.0,0.0,0.0,"(2,[0],[1.0])","(2,[0],[1.0])","(2,[0],[1.0])","(2,[0],[1.0])",52.56666666666667
12,160292,50,71,69,67,58,75,63,68,71,75,72,72,64,54,71,73,75,73,74,75,70,61,61,72,64,66,78,56,71,68,13,8,14,6,6,177,152,30,medium,high,73,178,152,31,3,2,72,68,64,69,72,61,73,64,72,71,74,74,76,74,64,54,78,70,75,71,74,58,73,67,64,80,76,78,63,6,13,14,8,6,medium,high,0.0,0.0,1.0,1.0,"(2,[0],[1.0])","(2,[0],[1.0])","(2,[1],[1.0])","(2,[1],[1.0])",59.166666666666664
13,161805,63,76,69,56,68,75,69,69,71,69,72,74,66,67,71,77,68,76,70,78,77,69,90,75,63,73,72,69,79,79,12,11,7,15,11,185,172,30,medium,high,77,185,172,31,4,2,74,69,69,78,78,90,77,63,75,73,76,69,75,72,66,67,80,77,68,71,70,68,76,56,69,70,69,72,69,15,12,7,11,11,medium,high,0.0,0.0,1.0,1.0,"(2,[0],[1.0])","(2,[0],[1.0])","(2,[1],[1.0])","(2,[1],[1.0])",64.1
14,163264,80,74,13,12,14,28,12,14,15,13,31,22,52,50,54,71,48,14,69,36,62,12,31,17,12,44,24,15,15,13,75,74,71,74,77,187,190,29,medium,medium,79,188,190,30,3,1,22,14,15,13,15,31,71,12,17,44,56,13,28,31,52,50,36,62,48,54,69,14,14,12,12,15,13,24,12,79,79,74,77,80,medium,medium,0.0,0.0,0.0,0.0,"(2,[0],[1.0])","(2,[0],[1.0])","(2,[0],[1.0])","(2,[0],[1.0])",78.21666666666667
15,163761,64,77,25,35,78,65,33,43,26,25,55,65,68,68,68,75,56,49,78,73,84,34,68,77,42,56,33,77,81,79,7,9,10,15,10,187,196,30,medium,medium,77,188,196,32,3,2,65,43,77,77,79,68,75,42,79,56,71,25,59,55,68,68,73,84,56,62,80,78,49,35,34,26,25,33,33,15,7,10,9,10,medium,medium,0.0,0.0,0.0,0.0,"(2,[0],[1.0])","(2,[0],[1.0])","(2,[0],[1.0])","(2,[0],[1.0])",62.93333333333333
16,163873,75,75,13,20,12,22,11,11,11,14,32,32,46,44,60,70,58,38,75,20,72,18,28,24,11,42,37,13,20,20,75,74,71,78,76,187,185,33,medium,medium,76,188,190,34,3,1,32,11,13,20,20,28,70,11,24,42,53,13,22,32,46,44,20,72,58,60,75,12,38,20,18,11,14,37,11,78,75,71,74,76,medium,medium,0.0,0.0,0.0,0.0,"(2,[0],[1.0])","(2,[0],[1.0])","(2,[0],[1.0])","(2,[0],[1.0])",74.8
17,164835,77,78,14,13,11,20,17,14,18,12,32,22,50,47,52,71,44,14,68,25,65,20,43,16,15,52,22,11,12,13,77,80,73,78,84,190,183,30,medium,medium,80,190,183,31,2,1,22,14,11,13,12,43,71,15,16,52,63,14,20,32,50,47,25,65,44,52,68,11,14,13,20,18,12,22,17,78,77,70,84,84,medium,medium,0.0,0.0,0.0,0.0,"(2,[0],[1.0])","(2,[0],[1.0])","(2,[0],[1.0])","(2,[0],[1.0])",78.65
18,164853,73,73,19,18,18,28,32,19,27,21,25,27,47,49,50,72,42,17,73,41,72,14,44,22,16,16,41,20,11,18,75,69,82,70,75,187,198,30,medium,medium,73,188,198,32,2,1,27,19,20,18,11,44,72,16,22,63,61,19,28,25,47,49,41,72,42,50,73,18,17,18,14,27,21,41,32,70,73,78,69,73,medium,medium,0.0,0.0,0.0,0.0,"(2,[0],[1.0])","(2,[0],[1.0])","(2,[0],[1.0])","(2,[0],[1.0])",74.78333333333333
19,166080,67,76,76,69,62,80,72,79,69,75,77,80,69,66,78,79,74,78,64,73,58,77,58,62,77,81,82,40,50,34,10,6,9,10,15,177,159,29,medium,medium,74,179,159,30,4,3,80,78,42,34,48,58,74,75,61,80,78,73,76,73,68,64,64,58,74,76,64,62,73,67,73,69,74,79,70,10,10,9,6,15,medium,medium,0.0,0.0,0.0,0.0,"(2,[0],[1.0])","(2,[0],[1.0])","(2,[0],[1.0])","(2,[0],[1.0])",64.2
20,166838,71,71,70,70,66,68,49,75,60,69,59,73,78,76,84,60,66,67,63,78,66,66,60,37,70,67,64,30,44,31,14,15,13,8,10,180,159,28,high,medium,72,180,159,29,4,4,73,77,30,31,44,60,60,70,37,67,66,70,68,59,75,74,78,66,66,84,63,66,67,68,66,60,69,64,49,8,14,13,15,10,high,medium,1.0,1.0,0.0,0.0,"(2,[1],[1.0])","(2,[1],[1.0])","(2,[0],[1.0])","(2,[0],[1.0])",73.03333333333333
21,169607,65,77,61,49,67,75,61,64,57,58,74,74,69,68,64,72,71,77,63,79,78,62,91,77,47,68,64,72,82,80,11,9,15,14,15,177,168,27,low,high,77,178,168,29,3,2,73,64,72,80,82,93,70,47,77,67,67,61,74,76,67,68,79,78,71,64,63,66,74,49,59,57,58,64,58,14,11,15,9,15,low,high,2.0,2.0,1.0,1.0,"(2,[],[])","(2,[],[])","(2,[1],[1.0])","(2,[1],[1.0])",65.05
22,169706,59,77,57,54,69,80,60,73,39,24,78,77,64,60,63,77,71,57,68,81,72,45,70,79,65,74,47,71,78,76,13,11,16,6,6,185,152,26,medium,high,78,185,152,27,4,2,77,73,71,76,78,70,77,65,80,74,80,57,80,78,64,55,83,72,71,63,72,71,57,54,50,39,24,47,60,6,13,16,11,6,medium,high,0.0,0.0,1.0,1.0,"(2,[0],[1.0])","(2,[0],[1.0])","(2,[1],[1.0])","(2,[1],[1.0])",58.016666666666666
23,170570,54,76,63,69,42,81,80,77,71,60,66,79,70,55,76,80,78,62,60,68,57,64,60,54,79,81,66,38,48,50,16,9,10,11,14,172,146,29,medium,medium,74,173,146,30,3,3,75,72,38,50,48,60,76,77,54,78,78,63,77,64,65,55,68,57,78,76,60,42,62,68,64,71,60,66,80,11,16,10,9,14,medium,medium,0.0,0.0,0.0,0.0,"(2,[0],[1.0])","(2,[0],[1.0])","(2,[0],[1.0])","(2,[0],[1.0])",60.15
24,172175,83,80,82,78,64,80,76,84,77,74,77,82,89,87,86,76,74,77,73,76,61,76,48,35,80,67,75,40,55,53,8,10,14,13,15,182,154,27,high,medium,82,182,154,29,4,4,85,84,40,53,55,58,76,80,35,67,74,82,80,77,87,86,76,61,74,83,73,64,77,78,76,77,76,75,76,13,8,14,10,15,high,medium,1.0,1.0,0.0,0.0,"(2,[1],[1.0])","(2,[1],[1.0])","(2,[0],[1.0])","(2,[0],[1.0])",83.88333333333334
25,172203,74,76,19,13,13,27,19,20,10,19,19,33,32,35,32,67,42,36,59,29,75,12,43,22,13,14,22,13,13,12,74,77,74,76,82,200,198,27,medium,medium,78,201,205,29,5,1,33,20,13,12,13,43,70,13,22,44,34,19,27,19,32,35,29,80,42,32,59,13,36,13,12,10,19,22,19,78,74,69,80,83,medium,medium,0.0,0.0,0.0,0.0,"(2,[0],[1.0])","(2,[0],[1.0])","(2,[0],[1.0])","(2,[0],[1.0])",78.08333333333333
26,172723,81,82,14,12,12,26,12,16,17,15,23,24,52,58,53,79,41,28,38,36,80,12,42,21,11,31,40,13,11,12,83,80,74,80,84,200,183,28,medium,medium,83,200,183,29,2,1,24,16,13,12,11,42,79,11,21,31,62,14,26,32,52,58,36,80,41,53,38,12,28,12,12,17,15,40,12,80,83,74,81,84,medium,medium,0.0,0.0,0.0,0.0,"(2,[0],[1.0])","(2,[0],[1.0])","(2,[0],[1.0])","(2,[0],[1.0])",77.7
27,172953,68,71,57,27,76,63,21,59,33,22,61,65,75,71,68,73,76,47,80,75,77,34,58,65,53,58,44,76,76,79,6,15,8,13,10,177,179,28,medium,medium,72,178,179,30,3,2,65,59,76,79,76,58,73,53,65,58,64,57,63,61,75,71,75,77,76,68,80,76,47,27,34,33,22,44,21,13,6,8,15,10,medium,medium,0.0,0.0,0.0,0.0,"(2,[0],[1.0])","(2,[0],[1.0])","(2,[0],[1.0])","(2,[0],[1.0])",69.53333333333333
28,173426,80,78,11,11,16,39,16,14,16,12,34,24,55,59,28,75,42,45,69,31,72,16,34,21,16,20,41,13,14,16,82,75,65,73,84,193,192,27,medium,medium,79,193,192,29,2,1,24,14,13,16,14,34,75,16,21,40,66,11,39,34,55,59,31,72,42,28,69,16,45,11,16,16,12,41,16,73,80,65,74,84,medium,medium,0.0,0.0,0.0,0.0,"(2,[0],[1.0])","(2,[0],[1.0])","(2,[0],[1.0])","(2,[0],[1.0])",78.15
29,177358,68,82,67,64,65,83,56,73,68,61,83,79,69,59,66,82,66,71,72,90,78,56,85,86,67,75,56,77,84,82,6,11,12,14,7,180,165,25,medium,high,82,185,165,27,3,2,79,75,76,80,82,84,81,67,84,73,81,65,83,79,69,66,90,77,71,73,72,71,71,64,56,68,61,56,56,14,6,12,11,7,medium,high,0.0,0.0,1.0,1.0,"(2,[0],[1.0])","(2,[0],[1.0])","(2,[1],[1.0])","(2,[1],[1.0])",62.666666666666664
30,178567,66,74,64,32,73,74,34,62,67,56,63,70,67,64,65,71,57,51,68,78,76,36,79,76,61,58,65,76,77,81,16,15,8,12,10,182,190,27,medium,medium,76,182,190,28,2,2,73,64,77,81,80,85,71,61,76,62,67,64,75,64,67,69,78,76,57,65,68,73,51,32,36,67,56,65,34,12,16,8,15,10,medium,medium,0.0,0.0,0.0,0.0,"(2,[0],[1.0])","(2,[0],[1.0])","(2,[0],[1.0])","(2,[0],[1.0])",63.61666666666667
31,182168,43,78,46,22,80,69,24,64,30,34,65,70,52,54,48,65,33,59,75,65,82,31,76,79,34,59,34,79,82,80,12,15,11,12,15,195,179,27,medium,medium,75,195,179,29,3,2,66,58,76,76,80,63,60,24,79,59,68,45,65,65,52,54,66,82,32,48,74,75,59,22,31,30,34,34,24,12,12,11,15,15,medium,medium,0.0,0.0,0.0,0.0,"(2,[0],[1.0])","(2,[0],[1.0])","(2,[0],[1.0])","(2,[0],[1.0])",42.4
32,182495,74,81,68,38,76,65,65,60,72,41,65,65,83,83,85,78,77,71,93,75,71,59,80,85,47,58,50,87,87,87,2,3,4,2,4,180,172,28,medium,high,81,180,172,29,3,2,65,60,86,81,82,78,74,50,86,58,76,68,65,65,79,83,75,75,79,81,93,76,70,37,59,68,41,50,65,2,2,4,3,4,medium,high,0.0,0.0,1.0,1.0,"(2,[0],[1.0])","(2,[0],[1.0])","(2,[1],[1.0])","(2,[1],[1.0])",78.91666666666667
33,183130,79,71,82,68,37,66,74,79,80,61,60,74,77,77,76,60,75,70,60,72,42,68,70,40,59,68,60,19,32,22,15,9,8,15,14,175,148,25,high,medium,77,174,148,27,3,3,76,77,41,45,47,73,70,72,56,74,66,83,72,68,80,78,85,61,77,79,60,42,71,69,67,82,71,60,72,15,15,8,9,14,high,high,1.0,1.0,0.0,1.0,"(2,[1],[1.0])","(2,[1],[1.0])","(2,[0],[1.0])","(2,[1],[1.0])",77.3
34,183385,69,68,62,63,64,72,64,68,36,56,68,72,69,72,65,65,67,82,74,76,84,74,81,61,59,66,57,58,67,65,13,14,14,12,6,177,179,29,medium,high,71,178,179,31,4,3,72,68,60,66,67,81,65,59,64,68,70,62,74,72,69,72,76,84,67,65,74,64,84,63,75,36,56,57,64,12,13,14,14,6,medium,high,0.0,0.0,1.0,1.0,"(2,[0],[1.0])","(2,[0],[1.0])","(2,[1],[1.0])","(2,[1],[1.0])",66.61666666666666
35,184037,58,74,73,38,77,73,39,61,60,35,64,66,69,69,59,72,56,66,69,76,79,38,71,68,42,39,58,77,81,80,7,11,8,7,8,190,170,25,medium,medium,73,191,170,26,3,3,66,59,76,78,78,71,72,42,68,39,75,73,68,64,62,63,76,79,56,59,70,77,61,38,38,60,35,58,39,7,7,8,11,8,medium,medium,0.0,0.0,0.0,0.0,"(2,[0],[1.0])","(2,[0],[1.0])","(2,[0],[1.0])","(2,[0],[1.0])",60.6
36,184134,64,78,60,54,70,75,41,63,65,53,73,72,66,68,79,79,57,76,72,84,81,68,87,83,59,63,54,82,80,82,1,1,1,1,1,185,168,28,medium,high,79,183,168,29,2,2,72,62,78,82,80,87,79,59,83,62,76,60,75,73,66,68,84,81,57,74,72,70,76,54,68,65,53,54,41,1,1,1,1,1,medium,high,0.0,0.0,1.0,1.0,"(2,[0],[1.0])","(2,[0],[1.0])","(2,[1],[1.0])","(2,[1],[1.0])",63.583333333333336
37,184469,67,73,62,70,49,75,63,71,64,70,72,73,69,69,76,70,76,76,70,77,74,75,84,71,68,75,68,56,69,57,7,7,11,10,8,177,154,25,high,high,75,178,154,27,5,3,73,72,56,58,70,84,71,68,71,75,71,62,80,75,69,69,77,74,76,76,70,49,76,70,75,64,70,68,63,10,7,11,7,8,high,high,1.0,1.0,1.0,1.0,"(2,[1],[1.0])","(2,[1],[1.0])","(2,[1],[1.0])","(2,[1],[1.0])",66.45
38,186385,68,74,56,60,45,75,40,69,67,66,72,72,70,71,70,71,72,70,59,80,64,71,82,75,55,73,66,63,75,72,14,9,10,12,10,175,165,28,medium,medium,74,175,165,28,3,2,72,69,63,72,75,82,71,55,75,73,76,56,75,72,70,71,80,64,72,70,59,45,70,60,71,67,66,66,40,12,14,10,9,10,medium,medium,0.0,0.0,0.0,0.0,"(2,[0],[1.0])","(2,[0],[1.0])","(2,[0],[1.0])","(2,[0],[1.0])",68.68333333333334
39,186561,68,82,74,75,58,84,81,81,64,70,82,82,71,68,74,81,75,81,63,93,69,78,75,67,84,81,76,65,75,65,6,11,5,10,8,177,154,24,high,high,83,183,168,26,3,3,84,81,62,67,72,74,82,83,72,80,80,75,85,80,69,69,90,69,75,77,65,58,81,73,75,70,70,75,79,10,6,5,11,8,high,high,1.0,1.0,1.0,1.0,"(2,[1],[1.0])","(2,[1],[1.0])","(2,[1],[1.0])","(2,[1],[1.0])",66.56666666666666
40,186805,90,77,72,70,47,72,64,83,72,64,66,80,90,88,84,70,77,76,69,79,69,68,40,25,73,73,68,24,38,11,11,11,12,15,12,170,141,26,high,high,78,169,141,27,4,4,80,83,24,20,38,40,70,73,25,73,81,74,74,70,91,90,79,68,85,84,69,50,76,65,68,76,64,68,64,15,11,12,11,12,high,high,1.0,1.0,1.0,1.0,"(2,[1],[1.0])","(2,[1],[1.0])","(2,[1],[1.0])","(2,[1],[1.0])",89.15
41,188168,72,69,64,49,68,61,34,70,67,57,59,66,75,73,71,65,47,63,72,80,79,56,54,67,56,53,50,70,70,67,11,13,15,6,12,187,183,27,high,medium,73,188,183,29,3,2,69,74,73,74,76,62,65,64,70,53,62,66,68,59,75,73,85,82,50,71,72,68,63,50,56,67,57,50,34,6,11,15,13,12,high,medium,1.0,1.0,0.0,0.0,"(2,[1],[1.0])","(2,[1],[1.0])","(2,[0],[1.0])","(2,[0],[1.0])",69.5
42,189461,71,81,73,64,58,84,64,84,80,72,83,84,79,74,83,80,87,75,67,82,66,73,83,61,80,85,65,61,63,65,6,15,15,9,11,172,150,23,medium,medium,82,172,150,25,2,3,84,84,61,65,63,83,80,80,61,85,80,73,84,83,78,73,82,66,87,83,67,58,75,64,73,80,72,65,64,9,6,15,15,11,medium,medium,0.0,0.0,0.0,0.0,"(2,[0],[1.0])","(2,[0],[1.0])","(2,[0],[1.0])","(2,[0],[1.0])",72.33333333333333
43,189505,82,83,78,80,55,83,70,84,81,57,74,85,86,79,84,85,82,71,67,78,55,73,56,49,84,74,66,30,32,31,5,11,12,15,9,167,137,28,high,medium,83,167,137,29,5,4,85,84,30,31,32,56,83,84,49,74,72,78,83,70,86,80,80,56,82,84,67,55,71,81,73,81,57,66,70,15,5,12,11,9,high,medium,1.0,1.0,0.0,0.0,"(2,[1],[1.0])","(2,[1],[1.0])","(2,[0],[1.0])","(2,[0],[1.0])",80.9
44,190456,83,81,80,54,66,76,45,78,64,39,67,76,87,86,84,75,76,74,73,87,71,69,76,76,64,64,46,80,83,86,10,11,13,15,7,175,148,24,high,medium,82,175,148,25,3,3,75,77,81,86,83,76,75,72,77,64,75,80,76,67,86,86,87,71,76,84,67,66,74,54,69,64,39,46,45,15,10,13,11,7,high,medium,1.0,1.0,0.0,0.0,"(2,[1],[1.0])","(2,[1],[1.0])","(2,[0],[1.0])","(2,[0],[1.0])",83.68333333333334
45,192119,85,86,14,14,13,32,12,13,19,11,31,23,46,52,61,81,45,36,68,38,70,17,23,15,13,44,27,11,18,16,84,87,69,86,88,198,194,23,medium,medium,89,199,201,24,3,1,23,13,11,16,18,23,81,13,15,44,52,14,32,31,46,52,38,70,45,61,68,13,36,14,17,19,11,27,12,86,84,69,91,89,medium,medium,0.0,0.0,0.0,0.0,"(2,[0],[1.0])","(2,[0],[1.0])","(2,[0],[1.0])","(2,[0],[1.0])",80.48333333333333
46,192613,73,76,19,11,16,38,13,15,15,12,36,22,48,42,33,69,22,14,34,31,78,15,40,27,12,16,21,14,19,17,76,77,68,79,78,203,212,28,medium,medium,77,203,212,30,2,1,22,15,14,17,19,40,69,12,27,38,65,19,38,36,48,42,31,78,22,33,34,16,14,11,15,15,12,21,13,79,74,68,77,78,medium,medium,0.0,0.0,0.0,0.0,"(2,[0],[1.0])","(2,[0],[1.0])","(2,[0],[1.0])","(2,[0],[1.0])",75.95
47,192638,77,75,75,50,65,69,33,71,61,71,69,71,76,78,68,75,58,75,68,79,78,71,79,69,61,57,64,74,79,80,9,7,13,9,12,187,179,24,high,medium,79,188,179,26,3,3,78,78,74,76,77,70,82,70,70,65,72,78,74,72,76,82,90,78,58,69,68,70,76,60,74,63,71,64,50,9,9,13,7,12,high,high,1.0,1.0,0.0,1.0,"(2,[1],[1.0])","(2,[1],[1.0])","(2,[0],[1.0])","(2,[1],[1.0])",75.4
48,192766,58,75,67,42,70,74,32,63,66,40,56,73,66,71,62,70,66,46,84,74,68,37,79,79,61,61,51,74,78,77,14,12,16,15,10,177,159,23,medium,medium,76,179,159,25,3,2,73,63,74,77,78,78,70,61,78,61,74,67,72,56,54,68,74,68,66,62,83,70,46,42,37,66,40,50,32,15,14,16,12,10,medium,medium,0.0,0.0,0.0,0.0,"(2,[0],[1.0])","(2,[0],[1.0])","(2,[0],[1.0])","(2,[0],[1.0])",60.083333333333336
49,193061,78,81,78,66,60,83,76,86,84,76,79,85,85,85,85,78,75,69,69,91,65,79,80,75,77,82,72,71,77,81,11,10,8,8,7,182,170,24,high,high,81,182,170,26,4,4,85,84,64,70,70,66,76,80,70,82,78,78,83,77,81,81,83,64,75,82,65,60,66,61,72,78,72,72,74,4,4,3,5,8,high,high,1.0,1.0,1.0,1.0,"(2,[1],[1.0])","(2,[1],[1.0])","(2,[1],[1.0])","(2,[1],[1.0])",78.43333333333334
50,194996,62,72,38,81,73,55,75,66,68,46,44,71,58,68,57,75,41,68,58,60,79,63,61,23,77,56,72,14,32,24,6,9,10,9,13,190,181,23,medium,low,78,191,181,24,4,2,80,69,14,24,32,61,78,83,23,65,70,51,66,44,58,67,60,89,41,61,56,77,81,78,73,68,46,72,80,9,6,10,9,13,medium,low,0.0,0.0,2.0,2.0,"(2,[0],[1.0])","(2,[0],[1.0])","(2,[],[])","(2,[],[])",57.95
51,195859,82,76,62,79,71,69,66,78,45,36,61,77,89,83,79,74,82,70,81,80,72,67,52,39,79,68,68,33,24,27,10,13,12,16,6,177,161,23,high,high,77,178,161,24,3,3,77,78,33,27,24,60,74,79,39,68,70,62,69,61,89,84,81,73,82,79,81,71,74,77,67,57,36,68,66,16,10,12,13,6,high,high,1.0,1.0,1.0,1.0,"(2,[1],[1.0])","(2,[1],[1.0])","(2,[1],[1.0])","(2,[1],[1.0])",83.51666666666667
52,196932,66,70,39,69,75,65,61,65,45,41,51,69,78,69,58,66,38,75,75,65,79,51,46,36,73,56,61,17,21,19,16,13,8,15,11,193,190,22,medium,medium,69,191,163,24,3,3,63,62,17,19,21,46,65,71,36,52,66,39,63,51,69,69,65,80,32,53,75,73,75,67,50,45,41,61,59,15,16,8,13,11,medium,medium,0.0,0.0,0.0,0.0,"(2,[0],[1.0])","(2,[0],[1.0])","(2,[0],[1.0])","(2,[0],[1.0])",67.61666666666666
53,197932,85,62,49,62,51,53,51,54,50,47,43,55,85,84,80,66,82,56,67,59,60,54,47,37,69,40,58,27,31,25,8,6,13,10,6,180,176,26,high,low,62,180,176,26,4,2,55,54,27,25,31,47,66,69,37,40,64,49,53,43,85,84,59,60,82,80,67,51,56,62,54,50,47,58,51,10,8,13,6,6,high,low,1.0,1.0,2.0,2.0,"(2,[1],[1.0])","(2,[1],[1.0])","(2,[],[])","(2,[],[])",82.08333333333333
54,199354,81,74,71,72,55,78,70,76,79,82,73,75,78,78,74,71,76,75,63,69,71,69,70,37,68,77,71,23,23,25,13,7,7,9,9,180,172,27,high,medium,81,180,161,28,3,4,82,81,24,26,24,69,81,81,38,76,76,74,77,70,78,78,74,73,75,74,65,68,83,85,82,83,78,79,79,10,14,8,8,10,high,medium,1.0,1.0,0.0,0.0,"(2,[1],[1.0])","(2,[1],[1.0])","(2,[0],[1.0])","(2,[0],[1.0])",75.25
55,199576,57,73,37,25,65,78,22,55,49,53,69,71,66,55,60,66,59,60,67,75,84,43,76,74,50,68,54,72,77,65,12,14,10,11,16,182,183,24,medium,high,75,183,183,25,3,2,71,55,73,68,77,83,66,50,76,70,72,37,78,71,66,55,75,84,59,60,67,65,60,25,43,49,53,54,22,11,12,10,14,16,medium,high,0.0,0.0,1.0,1.0,"(2,[0],[1.0])","(2,[0],[1.0])","(2,[1],[1.0])","(2,[1],[1.0])",58.6
56,199667,68,75,73,27,77,62,25,63,49,58,55,64,69,75,66,71,61,69,78,75,79,59,81,71,49,47,52,75,78,76,9,9,13,10,7,185,176,24,medium,medium,77,186,176,26,3,2,69,63,75,76,78,83,71,49,73,47,46,73,67,55,69,75,75,79,61,66,78,80,69,40,59,49,58,52,25,10,9,13,9,7,medium,medium,0.0,0.0,0.0,0.0,"(2,[0],[1.0])","(2,[0],[1.0])","(2,[0],[1.0])","(2,[0],[1.0])",65.91666666666667
57,201942,77,82,70,77,70,84,78,87,75,67,74,83,78,75,82,80,78,75,81,84,71,74,41,33,81,83,72,24,52,31,8,11,9,6,10,180,168,23,high,medium,83,181,168,25,4,4,83,87,30,42,64,64,81,84,37,83,76,72,83,76,79,79,86,76,81,82,81,73,79,82,80,80,67,72,78,6,8,9,11,10,high,high,1.0,1.0,0.0,1.0,"(2,[1],[1.0])","(2,[1],[1.0])","(2,[0],[1.0])","(2,[1],[1.0])",75.5
58,201999,65,72,66,43,62,67,30,66,34,26,62,73,72,73,71,69,69,35,65,73,71,32,88,68,52,48,47,75,78,80,7,13,15,13,15,180,152,22,medium,medium,71,181,152,24,3,2,73,66,75,78,76,88,60,52,68,48,67,66,67,62,71,65,62,71,69,67,65,62,35,43,32,34,26,47,30,13,7,15,13,15,medium,medium,0.0,0.0,0.0,0.0,"(2,[0],[1.0])","(2,[0],[1.0])","(2,[0],[1.0])","(2,[0],[1.0])",67.1
59,202652,93,82,72,73,38,77,59,87,64,49,70,85,94,92,90,80,91,68,61,75,64,70,34,26,81,76,63,48,58,54,15,12,12,15,9,170,152,20,high,medium,83,170,152,22,2,4,84,86,48,54,58,34,79,81,26,76,74,72,81,67,94,92,75,64,91,90,60,38,68,73,70,64,49,63,59,15,15,12,12,9,high,medium,1.0,1.0,0.0,0.0,"(2,[1],[1.0])","(2,[1],[1.0])","(2,[0],[1.0])","(2,[0],[1.0])",89.5
60,203376,73,77,53,53,74,71,43,69,60,70,76,70,66,67,57,69,51,81,76,72,92,64,74,78,41,59,64,77,79,74,13,10,13,11,11,193,203,24,high,medium,82,193,203,25,3,2,71,69,82,81,85,76,74,41,83,59,87,53,74,76,74,76,72,92,51,57,81,76,81,55,64,60,70,62,45,11,13,13,10,11,high,medium,1.0,1.0,0.0,0.0,"(2,[1],[1.0])","(2,[1],[1.0])","(2,[0],[1.0])","(2,[0],[1.0])",68.56666666666666
61,203574,71,77,62,29,74,78,27,66,26,29,64,75,72,72,63,76,54,46,72,76,77,41,70,75,48,59,37,79,80,81,7,15,11,10,8,187,165,21,high,medium,80,188,165,22,3,2,79,70,80,81,83,73,77,48,77,59,81,62,80,71,75,75,80,78,57,64,72,77,46,29,38,46,29,37,27,10,7,11,15,8,high,medium,1.0,1.0,0.0,0.0,"(2,[1],[1.0])","(2,[1],[1.0])","(2,[0],[1.0])","(2,[0],[1.0])",69.2
62,204311,67,77,54,47,77,62,47,48,59,60,56,67,69,77,48,75,52,56,84,72,85,49,74,76,53,57,61,77,79,76,14,14,7,9,15,190,187,20,medium,medium,80,190,187,22,3,2,67,48,80,80,83,82,75,53,78,57,74,54,62,56,69,77,72,85,52,48,86,77,56,47,49,59,60,61,47,9,14,7,14,15,medium,medium,0.0,0.0,0.0,0.0,"(2,[0],[1.0])","(2,[0],[1.0])","(2,[0],[1.0])","(2,[0],[1.0])",66.08333333333333
63,204485,82,74,70,68,45,72,64,84,73,66,60,76,79,80,87,67,80,74,59,74,57,70,39,34,71,74,70,24,27,21,15,9,13,11,6,177,137,24,medium,medium,84,179,137,26,4,5,90,88,25,21,27,40,75,80,38,79,82,80,80,76,86,79,77,57,82,92,59,45,76,77,73,79,75,72,71,11,15,13,9,6,medium,medium,0.0,0.0,0.0,0.0,"(2,[0],[1.0])","(2,[0],[1.0])","(2,[0],[1.0])","(2,[0],[1.0])",80.28333333333333
64,204519,71,69,51,45,65,62,44,62,56,45,56,61,72,74,70,71,60,61,85,77,72,64,71,69,53,59,51,74,77,74,13,14,14,14,12,182,159,26,medium,medium,70,185,170,27,3,2,61,62,68,69,72,71,71,53,69,59,71,70,62,60,72,74,77,72,60,70,85,65,61,45,60,60,45,51,44,14,13,14,14,12,medium,medium,0.0,0.0,0.0,0.0,"(2,[0],[1.0])","(2,[0],[1.0])","(2,[0],[1.0])","(2,[0],[1.0])",69.28333333333333
65,205540,85,71,66,65,35,65,50,77,65,24,56,74,86,86,74,64,80,68,60,69,71,65,34,46,67,54,57,45,55,53,13,15,7,13,13,175,179,19,medium,medium,71,175,179,21,4,3,74,77,45,53,55,50,64,67,46,54,62,66,65,56,86,86,69,71,80,75,60,35,79,65,68,65,24,57,50,13,13,7,15,13,medium,medium,0.0,0.0,0.0,0.0,"(2,[0],[1.0])","(2,[0],[1.0])","(2,[0],[1.0])","(2,[0],[1.0])",85.65
66,205989,64,72,70,47,65,73,49,71,59,49,65,75,64,68,66,65,61,52,67,73,70,56,83,68,54,54,54,75,79,77,11,14,12,7,12,182,146,20,medium,medium,75,182,146,22,3,2,73,68,75,77,79,83,66,54,72,54,68,70,73,65,58,70,75,74,67,66,71,68,52,47,56,59,49,54,49,7,11,12,14,12,low,high,0.0,2.0,0.0,1.0,"(2,[0],[1.0])","(2,[],[])","(2,[0],[1.0])","(2,[1],[1.0])",61.05
67,205990,67,64,58,52,45,73,39,61,57,50,65,65,71,68,74,57,85,57,56,69,65,52,72,60,54,65,48,50,69,63,6,11,13,9,10,180,159,20,medium,high,69,169,159,22,3,2,66,62,62,68,70,80,58,55,64,66,66,59,74,66,69,68,74,65,85,74,56,46,58,49,53,58,51,49,40,10,7,14,12,11,medium,high,0.0,0.0,1.0,1.0,"(2,[0],[1.0])","(2,[0],[1.0])","(2,[1],[1.0])","(2,[1],[1.0])",65.73333333333333
68,206304,62,73,59,54,69,75,42,65,53,44,73,72,59,57,58,67,57,75,58,89,74,70,83,71,64,69,60,69,69,66,13,9,16,6,12,185,176,24,medium,medium,75,186,176,25,2,3,72,63,75,68,71,85,71,64,69,67,70,60,75,76,62,65,89,76,60,60,65,70,75,54,72,62,75,60,42,6,13,16,9,12,medium,medium,0.0,0.0,0.0,0.0,"(2,[0],[1.0])","(2,[0],[1.0])","(2,[0],[1.0])","(2,[0],[1.0])",59.483333333333334
69,206534,74,70,58,74,68,65,56,70,67,38,58,73,77,74,67,66,53,67,60,67,63,62,56,54,72,56,69,26,23,18,9,7,11,6,16,185,157,22,high,medium,71,185,157,23,3,2,74,70,26,18,23,56,66,72,54,56,67,58,65,58,77,74,67,63,53,70,60,68,67,74,62,67,38,69,56,6,9,11,7,16,high,medium,1.0,1.0,0.0,0.0,"(2,[1],[1.0])","(2,[1],[1.0])","(2,[0],[1.0])","(2,[0],[1.0])",73.35
70,208135,66,73,68,70,66,75,67,75,41,42,74,75,65,67,60,68,64,75,71,83,75,74,75,71,58,77,45,69,71,65,15,12,12,15,14,182,165,22,high,medium,76,183,165,24,3,2,78,75,69,71,74,75,68,73,72,75,68,68,79,74,65,76,83,80,64,60,71,66,75,70,74,41,42,45,67,15,15,12,12,14,medium,medium,1.0,0.0,0.0,0.0,"(2,[1],[1.0])","(2,[0],[1.0])","(2,[0],[1.0])","(2,[0],[1.0])",67.21666666666667
71,209532,60,62,14,17,12,36,23,14,18,20,35,22,50,55,60,69,44,21,57,36,64,15,31,26,13,20,31,16,11,11,60,58,54,60,65,191,179,22,medium,medium,62,191,179,22,3,1,22,14,16,11,11,31,69,13,26,20,22,14,36,35,50,55,36,64,44,60,57,12,21,17,15,18,20,31,23,60,60,54,58,65,medium,medium,0.0,0.0,0.0,0.0,"(2,[0],[1.0])","(2,[0],[1.0])","(2,[0],[1.0])","(2,[0],[1.0])",66.66666666666667
72,213648,64,73,66,52,60,77,54,76,69,70,74,78,68,67,73,72,75,76,64,73,74,69,66,68,60,75,51,65,70,64,9,7,12,11,11,185,185,20,medium,medium,75,185,185,21,4,3,77,75,65,64,72,78,75,62,74,74,69,66,76,74,68,68,78,75,75,73,64,60,76,52,73,69,70,51,60,11,9,12,7,11,medium,medium,0.0,0.0,0.0,0.0,"(2,[0],[1.0])","(2,[0],[1.0])","(2,[0],[1.0])","(2,[0],[1.0])",66.11666666666666
73,215756,75,64,67,47,47,60,42,68,67,47,57,65,74,78,74,62,73,48,61,61,59,51,55,56,47,57,52,62,63,61,12,12,12,7,9,180,154,22,medium,medium,64,180,154,22,3,2,65,68,62,61,63,55,62,47,56,57,57,67,60,57,74,78,61,59,73,74,61,47,48,47,51,67,47,52,42,7,12,12,12,9,medium,medium,0.0,0.0,0.0,0.0,"(2,[0],[1.0])","(2,[0],[1.0])","(2,[0],[1.0])","(2,[0],[1.0])",74.03333333333333
74,216325,67,65,14,15,14,32,19,20,20,15,41,27,48,49,40,62,42,24,64,31,64,17,28,22,14,35,34,14,16,14,64,66,66,64,63,196,170,21,medium,medium,65,196,170,21,3,1,27,20,14,14,16,28,62,14,22,35,33,14,32,41,48,49,31,64,42,40,64,14,24,15,17,20,15,34,19,64,64,66,66,63,medium,medium,0.0,0.0,0.0,0.0,"(2,[0],[1.0])","(2,[0],[1.0])","(2,[0],[1.0])","(2,[0],[1.0])",67.35
75,217699,69,78,46,76,90,69,79,68,65,47,49,71,69,75,65,79,57,83,87,88,85,66,84,45,86,70,73,25,37,19,10,9,6,15,11,187,185,27,high,high,82,188,174,28,3,2,76,74,34,24,48,88,84,86,54,72,79,58,73,59,69,76,91,85,57,66,87,92,78,81,72,73,47,72,79,15,10,6,9,11,high,high,1.0,1.0,1.0,1.0,"(2,[1],[1.0])","(2,[1],[1.0])","(2,[1],[1.0])","(2,[1],[1.0])",67.63333333333334
76,220633,90,68,58,65,31,54,50,78,59,42,56,75,91,88,90,58,82,67,55,71,50,63,33,23,57,57,58,21,22,20,6,11,11,13,10,177,146,19,medium,medium,72,179,146,20,2,3,76,80,21,20,23,33,64,65,23,57,64,62,65,56,91,88,71,54,82,90,55,31,70,66,64,60,42,58,50,13,6,11,11,10,medium,medium,0.0,0.0,0.0,0.0,"(2,[0],[1.0])","(2,[0],[1.0])","(2,[0],[1.0])","(2,[0],[1.0])",86.61666666666666
77,220710,76,60,55,61,47,55,50,63,56,62,53,62,81,79,69,42,84,60,45,52,43,53,31,21,54,52,61,36,37,36,7,13,9,15,7,170,154,20,medium,medium,60,170,154,20,3,2,62,63,36,36,37,31,42,54,21,52,53,55,55,53,81,79,52,43,84,69,45,47,60,61,53,56,62,61,50,15,7,9,13,7,medium,medium,0.0,0.0,0.0,0.0,"(2,[0],[1.0])","(2,[0],[1.0])","(2,[0],[1.0])","(2,[0],[1.0])",79.45
78,222503,60,56,16,14,18,29,17,16,13,14,26,24,40,48,32,55,54,24,52,38,55,21,28,23,15,20,31,16,14,18,60,54,54,50,57,186,163,20,medium,medium,56,186,163,20,2,1,24,16,16,18,14,28,55,15,23,20,24,16,29,26,40,48,38,55,54,32,52,18,24,14,21,13,14,31,17,50,60,54,54,57,medium,medium,0.0,0.0,0.0,0.0,"(2,[0],[1.0])","(2,[0],[1.0])","(2,[0],[1.0])","(2,[0],[1.0])",63.28333333333333
79,224017,55,59,49,42,57,64,38,53,44,51,61,55,54,54,57,52,65,43,60,48,72,39,58,49,37,61,53,54,60,58,8,6,9,16,7,188,150,21,medium,medium,59,188,150,21,3,2,55,53,54,58,60,58,52,37,49,61,43,49,64,61,54,54,48,72,65,57,60,57,43,42,39,44,51,53,38,16,8,9,6,7,medium,medium,0.0,0.0,0.0,0.0,"(2,[0],[1.0])","(2,[0],[1.0])","(2,[0],[1.0])","(2,[0],[1.0])",58.416666666666664
80,225100,77,67,57,26,66,65,24,65,41,29,53,65,79,80,64,65,70,41,64,67,76,26,56,62,51,39,26,67,71,69,8,13,14,7,7,185,170,18,medium,medium,70,188,170,19,3,2,65,65,69,72,71,63,65,51,62,39,63,57,65,53,79,79,67,78,70,64,64,69,41,26,26,41,29,26,24,7,8,14,13,7,medium,medium,0.0,0.0,0.0,0.0,"(2,[0],[1.0])","(2,[0],[1.0])","(2,[0],[1.0])","(2,[0],[1.0])",76.73333333333333
81,225785,82,60,35,57,38,55,43,69,43,30,43,61,83,82,65,55,73,50,56,61,52,46,27,23,60,50,60,16,11,16,9,10,8,9,9,178,148,19,medium,medium,60,178,148,19,2,3,61,69,16,16,11,27,55,60,23,50,45,35,55,43,83,82,61,52,73,65,56,38,50,57,46,43,30,60,43,9,9,8,10,9,medium,medium,0.0,0.0,0.0,0.0,"(2,[0],[1.0])","(2,[0],[1.0])","(2,[0],[1.0])","(2,[0],[1.0])",81.26666666666667
82,227995,70,61,50,42,55,72,40,55,65,64,65,59,66,68,60,63,73,71,61,61,44,58,55,49,58,50,55,50,50,59,6,7,14,11,9,178,146,19,high,medium,61,178,146,19,3,2,59,55,50,59,50,55,63,58,49,50,46,50,72,65,66,68,61,44,73,60,61,55,71,42,58,65,64,55,40,11,6,14,7,9,high,medium,1.0,1.0,0.0,0.0,"(2,[1],[1.0])","(2,[1],[1.0])","(2,[0],[1.0])","(2,[0],[1.0])",65.73333333333333
83,228382,78,60,37,62,59,44,41,59,36,29,38,60,76,80,62,47,58,49,60,59,76,53,60,16,59,51,50,21,23,25,11,9,15,10,6,183,170,19,high,medium,60,183,170,19,3,2,60,59,21,25,23,60,47,59,16,51,56,37,44,38,76,80,59,76,58,62,60,59,49,62,53,36,29,50,41,10,11,15,9,6,high,medium,1.0,1.0,0.0,0.0,"(2,[1],[1.0])","(2,[1],[1.0])","(2,[0],[1.0])","(2,[0],[1.0])",75.3
84,229984,76,69,66,38,55,65,39,72,60,46,59,69,82,78,70,64,68,39,74,73,61,35,69,64,65,65,50,65,68,67,10,7,14,7,10,178,157,20,high,medium,69,178,157,20,3,2,69,72,65,67,68,69,64,65,64,65,65,66,65,59,82,78,73,61,68,70,74,55,39,38,35,60,46,50,39,7,10,14,7,10,high,medium,1.0,1.0,0.0,0.0,"(2,[1],[1.0])","(2,[1],[1.0])","(2,[0],[1.0])","(2,[0],[1.0])",76.08333333333333
85,230005,73,66,44,48,52,70,40,66,43,38,65,69,72,75,63,62,70,48,57,74,66,47,73,56,60,67,42,48,64,58,11,12,9,14,10,180,172,18,medium,medium,66,180,172,18,3,3,69,66,48,58,64,73,62,60,56,67,61,44,70,65,72,75,74,66,70,63,57,52,48,48,47,43,38,42,40,14,11,9,12,10,medium,medium,0.0,0.0,0.0,0.0,"(2,[0],[1.0])","(2,[0],[1.0])","(2,[0],[1.0])","(2,[0],[1.0])",70.13333333333334
86,230807,61,53,47,25,45,29,28,56,31,30,29,41,65,61,59,51,72,28,61,58,49,26,51,56,50,37,34,46,55,59,14,13,11,9,7,177,154,18,medium,medium,53,177,154,18,3,2,41,56,46,59,55,51,51,50,56,37,38,47,29,29,65,61,58,49,72,59,61,45,28,25,26,31,30,34,28,9,14,11,13,7,medium,medium,0.0,0.0,0.0,0.0,"(2,[0],[1.0])","(2,[0],[1.0])","(2,[0],[1.0])","(2,[0],[1.0])",64.96666666666667
87,230899,84,65,51,64,49,53,58,70,48,34,39,61,84,84,82,59,80,70,68,58,54,69,68,13,66,44,65,16,13,12,12,12,9,15,6,174,172,19,medium,medium,65,174,172,19,4,2,61,70,16,12,13,68,59,66,13,44,60,51,53,39,84,84,58,54,80,82,68,49,70,64,69,48,34,65,58,15,12,9,12,6,medium,medium,0.0,0.0,0.0,0.0,"(2,[0],[1.0])","(2,[0],[1.0])","(2,[0],[1.0])","(2,[0],[1.0])",81.41666666666667
88,231281,81,68,66,58,58,74,41,65,52,50,67,61,83,83,74,60,75,62,66,81,57,46,67,60,62,63,55,62,63,63,14,15,14,6,7,175,152,18,high,medium,68,175,152,18,3,2,61,65,62,63,63,67,60,62,60,63,64,66,74,67,83,83,81,57,75,74,66,58,62,58,46,52,50,55,41,6,14,14,15,7,high,medium,1.0,1.0,0.0,0.0,"(2,[1],[1.0])","(2,[1],[1.0])","(2,[0],[1.0])","(2,[0],[1.0])",81.73333333333333
89,232544,55,58,53,52,52,64,55,61,54,50,60,65,64,60,59,56,59,66,57,53,62,45,40,30,55,55,64,42,52,55,7,15,7,11,8,186,168,21,high,medium,58,186,168,21,3,3,65,61,42,55,52,40,56,55,30,55,61,53,64,60,64,60,53,62,59,59,57,52,66,52,45,54,50,64,55,11,7,7,15,8,high,medium,1.0,1.0,0.0,0.0,"(2,[1],[1.0])","(2,[1],[1.0])","(2,[0],[1.0])","(2,[0],[1.0])",63.53333333333333
90,233601,75,71,66,60,59,77,61,74,59,63,62,75,79,77,73,55,66,62,51,62,56,65,54,33,71,70,65,43,44,46,12,13,15,12,10,183,159,19,high,high,71,183,159,19,4,4,75,74,43,46,44,54,55,71,33,70,72,66,77,62,79,77,62,56,66,73,51,59,62,60,65,59,63,65,61,12,12,15,13,10,high,high,1.0,1.0,1.0,1.0,"(2,[1],[1.0])","(2,[1],[1.0])","(2,[1],[1.0])","(2,[1],[1.0])",75.96666666666667
91,235161,74,60,43,62,50,54,54,61,61,37,49,62,71,77,55,58,64,66,52,50,56,55,38,14,47,52,63,17,22,23,14,8,15,5,7,180,148,18,medium,medium,60,180,148,18,3,3,62,61,17,23,22,38,58,47,14,52,51,43,54,49,71,77,50,56,64,55,52,50,66,62,55,61,37,63,54,5,14,15,8,7,medium,medium,0.0,0.0,0.0,0.0,"(2,[0],[1.0])","(2,[0],[1.0])","(2,[0],[1.0])","(2,[0],[1.0])",72.15
