,ID,age,height_cm,weight_kg,overall,pac,sho,pas,dri,def,phy,skill_moves,weak_foot,work_rate_att,work_rate_def,crossing,finishing,heading_accuracy,short_passing,volleys,dribbling,curve,free_kick_accuracy,long_passing,ball_control,acceleration,sprint_speed,agility,reactions,balance,shot_power,jumping,stamina,strength,long_shots,aggression,interceptions,positioning,vision,penalties,composure,marking,standing_tackle,sliding_tackle
7,183277,26,173.0,76.0,90,90,82,84,92,32,66,4,4,High,Medium,80,83,57,86,79,93,82,79,81,92,93,87,93,85,91,79,59,79,65,82,54,41,85,86,86,87,25,27,22
11,192985,26,181.0,68.0,89,75,84,88,85,45,75,4,4,High,High,90,83,53,90,82,85,83,83,84,87,76,75,80,88,75,85,65,87,73,86,68,56,84,90,77,84,30,51,40
12,192119,25,199.0,94.0,89,85,91,69,88,49,86,1,3,Medium,Medium,14,14,13,32,12,13,19,11,31,23,46,52,61,81,45,36,68,38,70,17,23,15,13,44,27,52,11,18,16
13,184941,28,169.0,62.0,89,86,84,80,89,40,78,4,3,High,High,80,85,70,81,83,90,78,78,73,87,88,84,90,87,87,84,85,85,72,82,80,42,86,83,77,86,30,39,35
16,153079,29,173.0,70.0,89,87,88,75,89,23,72,4,4,High,Medium,70,90,68,79,85,89,82,72,63,89,90,84,86,89,91,88,80,74,74,83,63,24,91,83,83,90,13,20,12
28,176635,28,180.0,76.0,88,71,74,87,86,24,58,4,2,Medium,Low,82,74,54,89,77,86,84,79,84,90,75,68,83,87,70,70,52,69,57,76,48,24,83,92,67,78,22,16,19
33,215914,26,168.0,68.0,87,81,66,75,79,81,84,3,3,Medium,High,67,65,54,84,56,77,49,49,79,79,82,80,83,87,90,72,79,94,77,66,90,91,71,76,54,84,75,89,85
42,168542,31,173.0,67.0,87,68,72,87,87,38,61,4,2,High,Low,83,71,54,91,79,84,82,75,79,90,72,65,92,84,89,71,66,78,56,73,51,43,81,92,73,92,25,44,29
50,192505,24,190.0,94.0,86,83,85,70,74,34,84,3,4,Medium,Medium,68,89,87,71,76,78,72,66,68,75,76,89,62,85,47,88,71,80,93,75,72,27,87,73,82,84,27,30,30
54,189242,25,171.0,71.0,86,82,78,83,88,35,64,4,4,High,High,77,74,47,85,75,88,84,82,78,88,88,77,92,81,92,80,59,80,61,86,55,30,83,87,64,85,24,44,40
57,179944,30,189.0,84.0,86,70,64,74,71,84,81,3,3,Medium,Medium,68,55,83,79,64,66,70,76,78,79,68,71,72,79,56,77,80,76,81,71,86,87,54,69,75,78,80,85,84
58,179844,28,186.0,87.0,86,75,83,65,76,40,88,3,4,High,Medium,65,88,83,67,81,77,62,59,52,83,74,75,58,86,52,84,64,83,91,73,93,40,88,74,76,84,28,39,34
65,162895,30,180.0,77.0,86,63,77,88,80,61,64,3,3,High,Medium,85,76,74,91,81,80,77,81,90,86,65,62,65,81,77,77,68,80,64,75,45,50,78,91,80,92,60,63,62
68,48940,35,196.0,90.0,86,82,87,76,81,42,83,1,3,Medium,Medium,19,12,19,35,17,12,13,19,33,22,40,44,49,84,34,21,51,32,65,11,17,23,13,53,23,70,11,13,12
83,186942,26,180.0,80.0,85,71,74,83,87,64,71,4,4,High,Medium,74,72,49,88,75,87,81,74,83,88,73,70,83,87,81,77,62,71,74,74,68,79,79,87,76,86,57,67,64
84,184432,27,178.0,78.0,85,79,55,75,74,86,78,3,3,Medium,Medium,78,46,76,80,51,69,66,58,74,79,78,79,75,86,73,68,76,88,73,60,80,85,62,68,66,78,87,88,87
92,139720,31,193.0,85.0,85,63,54,65,64,84,83,2,3,Medium,Medium,61,45,84,72,46,63,61,52,66,68,61,64,60,84,42,75,71,74,88,55,87,80,41,59,63,81,84,85,84
99,208722,25,175.0,69.0,84,93,78,75,85,36,75,4,3,High,Medium,72,83,53,77,68,86,74,64,71,84,94,92,89,80,85,77,75,82,72,69,73,31,84,78,71,78,33,35,38
106,192227,25,184.0,82.0,84,67,57,63,62,83,79,2,3,Medium,High,50,58,81,77,51,53,55,47,69,70,64,69,66,82,69,66,84,74,81,52,79,85,50,55,54,74,82,83,85
108,191202,28,194.0,85.0,84,64,70,77,72,80,87,3,3,Medium,High,68,64,77,83,74,72,68,67,81,78,62,66,56,82,53,78,71,89,89,75,83,85,68,75,69,84,75,83,75
110,189505,29,169.0,65.0,84,82,77,77,85,37,62,4,5,High,Medium,78,81,55,83,70,84,81,57,70,87,84,80,84,84,82,71,67,78,56,78,56,49,84,77,66,78,30,32,31
115,180403,28,175.0,77.0,84,88,76,81,86,49,64,4,4,High,High,77,77,29,82,59,87,82,85,77,86,91,86,89,83,81,71,46,87,62,81,44,55,80,83,70,79,43,58,51
122,165229,31,186.0,75.0,84,75,41,62,65,85,78,2,3,Medium,High,52,32,81,76,35,62,22,49,69,67,74,76,68,82,62,54,82,75,76,47,88,86,39,56,51,75,83,87,84
123,164468,31,193.0,86.0,84,63,58,52,61,84,78,2,3,Medium,Medium,28,56,86,65,47,58,48,27,61,63,62,63,62,85,51,63,82,69,80,66,84,83,45,56,53,75,84,85,84
144,204485,26,179.0,67.0,83,82,74,78,88,28,55,5,4,Medium,Medium,81,74,45,78,71,88,79,75,74,88,85,80,92,75,85,76,62,75,51,72,40,38,79,79,72,82,25,23,19
145,203376,25,193.0,92.0,83,73,60,67,69,83,85,2,3,High,Medium,53,52,80,76,45,70,60,70,76,73,69,76,57,79,51,81,79,76,92,64,78,83,41,59,62,82,83,85,83
146,201942,25,181.0,76.0,83,77,81,79,85,46,77,4,4,High,High,72,83,72,83,79,87,80,67,75,85,77,77,82,82,81,79,81,86,76,80,66,37,84,83,72,78,30,59,42
152,197061,25,195.0,90.0,83,67,46,68,66,84,78,2,2,Medium,Medium,54,36,85,77,50,65,63,22,74,71,60,73,58,81,49,66,67,73,81,48,81,85,51,72,42,75,83,85,79
153,193474,27,174.0,66.0,83,76,60,70,77,83,81,2,3,Medium,High,60,50,69,82,32,75,33,43,74,79,78,75,75,79,82,80,85,88,76,67,84,87,67,72,54,80,80,87,85
156,192366,29,183.0,81.0,83,63,56,59,54,83,81,2,3,High,High,52,53,83,71,56,41,50,39,66,64,62,64,69,78,62,69,86,76,80,56,90,85,49,45,44,84,81,83,84
172,180819,29,172.0,73.0,83,73,75,80,84,65,74,4,5,High,High,74,79,67,86,72,85,77,66,77,86,74,72,83,78,76,72,73,90,67,72,74,68,77,83,70,80,60,67,62
178,177358,27,185.0,75.0,83,68,62,76,77,79,81,2,3,Medium,High,65,61,71,86,56,74,68,61,80,84,67,68,73,81,71,71,70,89,77,56,83,84,65,73,56,83,76,82,80
183,163587,30,189.0,89.0,83,83,82,82,86,61,80,1,3,Medium,Medium,18,12,16,44,15,12,13,15,46,40,62,60,62,80,47,36,60,35,62,14,33,20,14,59,26,52,14,14,13
189,146562,32,168.0,66.0,83,65,76,85,85,61,63,4,5,High,Low,85,75,58,86,72,85,86,78,83,87,68,63,79,82,91,77,70,68,59,78,64,65,79,86,80,88,58,64,52
196,20289,34,189.0,90.0,83,63,82,80,76,70,83,3,4,Medium,Medium,67,82,72,84,68,78,82,86,81,82,61,64,58,82,56,86,63,73,92,80,78,60,80,85,89,83,68,77,74
199,222492,21,183.0,75.0,82,94,77,72,86,35,70,3,3,High,Medium,76,78,72,75,64,87,82,62,64,84,93,94,89,79,82,78,66,80,70,77,58,32,82,69,63,76,26,32,35
227,202652,22,170.0,69.0,82,93,71,74,85,46,61,4,3,High,Medium,73,73,38,81,59,85,64,49,67,84,94,92,91,79,92,68,60,75,64,70,34,26,81,75,63,74,48,58,54
235,199503,24,185.0,82.0,82,50,66,79,72,72,78,3,2,Medium,Medium,66,49,62,85,50,70,68,70,86,80,48,51,53,83,61,88,39,78,76,83,92,77,77,82,59,74,71,73,68
243,193348,25,169.0,72.0,82,83,77,78,85,46,65,4,4,High,Medium,74,72,37,80,76,85,82,78,76,83,87,79,88,80,92,85,63,74,62,81,64,65,78,79,65,79,40,41,48
246,190456,26,175.0,67.0,82,83,61,71,77,80,76,3,2,High,Medium,79,54,67,77,45,76,64,39,67,76,82,83,83,76,76,74,69,87,71,69,76,79,72,64,46,75,81,83,86
253,186561,26,183.0,76.0,82,68,75,79,81,65,75,3,3,High,High,75,72,58,84,79,81,70,70,80,82,67,68,76,81,75,81,67,89,69,74,73,69,82,80,75,81,60,70,67
255,184484,27,186.0,77.0,82,66,81,84,79,52,70,3,3,High,Medium,86,81,60,84,75,79,87,89,78,84,65,66,72,78,61,82,70,86,67,84,57,37,80,84,80,81,55,56,55
257,184200,28,192.0,83.0,82,77,74,79,81,53,81,4,4,Medium,Medium,83,73,71,79,79,84,79,74,74,85,76,78,72,75,57,78,68,79,84,71,81,53,80,81,77,77,49,60,30
258,183711,27,182.0,67.0,82,72,70,83,76,76,81,3,3,High,High,81,67,65,85,72,74,80,74,83,80,73,71,73,79,71,75,81,93,76,71,80,79,76,82,64,78,73,80,76
264,181291,26,175.0,69.0,82,81,75,76,84,66,74,3,3,High,High,67,74,72,83,73,85,76,70,74,84,79,82,82,82,80,78,82,87,71,71,64,70,82,78,74,79,60,69,64
266,178509,30,192.0,88.0,82,53,81,70,73,38,83,2,3,Medium,Medium,64,83,90,77,82,72,70,65,56,82,51,55,59,82,52,85,82,74,90,74,76,41,83,75,81,78,26,37,20
273,174543,34,184.0,80.0,82,80,80,87,81,56,77,1,3,Medium,Medium,12,13,18,56,11,22,25,38,54,41,58,54,64,77,64,22,81,44,70,17,40,23,15,69,23,60,11,18,19
274,172723,30,199.0,83.0,82,81,81,73,82,55,79,1,2,Medium,Medium,14,12,12,26,12,16,17,15,32,24,52,58,53,78,41,28,38,36,80,12,42,21,11,31,40,62,13,11,12
276,171833,27,180.0,76.0,82,76,82,69,79,25,68,4,2,Medium,Low,62,83,73,74,75,80,62,68,62,81,74,78,75,82,64,83,72,68,71,80,60,22,84,74,75,81,15,24,12
282,163824,32,183.0,77.0,82,65,43,56,61,81,81,2,4,Medium,Medium,32,37,78,71,34,57,34,23,74,66,62,67,58,80,59,64,82,70,86,40,83,82,28,53,45,73,79,83,80
283,163631,32,170.0,74.0,82,70,71,80,79,80,71,3,3,High,Medium,86,63,74,81,63,78,81,82,74,80,73,68,74,83,84,84,71,81,64,75,74,80,73,76,90,81,81,81,79
293,135507,32,179.0,67.0,82,73,73,76,78,77,78,3,4,Medium,High,68,69,55,82,74,77,70,71,79,78,73,73,77,82,79,83,72,80,75,78,86,85,68,75,61,73,72,83,77
298,230666,20,175.0,73.0,81,87,79,71,87,26,67,4,4,High,High,66,83,66,75,67,87,76,54,66,85,89,85,93,82,92,78,75,84,63,73,56,32,83,75,78,84,20,17,19
304,217699,29,188.0,83.0,81,69,77,67,72,47,85,2,3,High,High,58,79,91,73,78,73,73,47,61,75,66,72,64,84,55,78,87,87,84,72,86,54,85,72,74,78,34,48,24
315,208830,30,179.0,74.0,81,91,79,63,77,51,78,3,3,High,High,63,83,64,66,73,76,59,48,48,76,91,91,78,86,77,85,74,88,68,67,92,49,84,72,76,79,48,52,51
317,207599,24,191.0,82.0,81,72,49,64,68,82,82,2,3,Medium,High,60,50,84,74,40,66,53,33,71,71,73,72,63,76,64,58,83,79,88,46,68,81,29,56,48,75,84,82,80
319,203747,22,178.0,74.0,81,95,51,69,78,75,70,3,3,High,Medium,76,52,60,75,41,76,63,50,59,79,96,94,84,78,77,52,65,87,62,43,72,78,67,63,62,72,75,77,81
320,203042,24,196.0,95.0,81,81,83,72,85,41,78,1,3,Medium,Medium,11,16,12,36,12,21,12,14,40,26,38,43,48,73,35,29,61,35,63,13,32,27,16,31,42,59,16,13,11
330,199189,23,189.0,76.0,81,77,73,77,82,55,77,3,5,Medium,Medium,65,69,65,84,61,85,68,70,78,87,77,77,70,77,58,80,63,74,82,79,73,45,71,81,65,80,56,58,52
332,198717,24,180.0,66.0,81,90,71,71,86,33,72,4,3,High,Medium,79,74,43,72,59,88,54,51,65,86,89,90,89,73,79,75,50,78,73,62,68,23,74,74,66,76,36,32,34
338,195086,27,188.0,84.0,81,56,40,59,63,81,82,2,4,Medium,High,59,33,77,68,42,63,26,18,66,67,57,55,53,75,43,63,82,70,86,34,87,82,21,56,52,70,78,83,85
344,192638,26,188.0,84.0,81,77,69,77,77,77,80,3,3,High,High,81,64,70,79,52,78,80,84,73,79,74,79,68,82,58,81,70,90,79,75,72,76,73,68,64,75,77,80,78
350,189461,25,172.0,68.0,81,71,69,80,82,62,72,3,2,Medium,Medium,73,64,58,84,64,82,80,72,80,84,73,69,80,80,85,75,67,77,66,73,82,61,80,83,65,80,61,63,65
362,183285,27,187.0,83.0,81,61,33,62,56,80,85,2,2,Medium,High,60,23,74,73,20,50,50,30,68,61,53,67,61,72,53,51,82,74,90,38,86,81,32,49,40,71,78,83,79
365,180216,28,177.0,67.0,81,73,66,72,78,80,77,3,3,High,High,81,62,67,78,64,78,42,35,70,78,74,72,76,83,74,75,72,84,73,68,78,76,75,70,60,78,82,84,83
369,173426,29,193.0,87.0,81,80,76,65,84,56,78,1,2,Medium,Medium,11,11,16,37,16,14,16,12,34,26,55,56,34,77,42,45,69,31,72,16,34,21,16,40,41,66,13,14,16
371,172175,29,182.0,72.0,81,83,77,77,83,46,65,4,4,High,Medium,81,77,64,80,76,84,77,76,77,85,82,84,82,76,73,77,73,76,62,76,58,35,80,67,78,74,40,52,51
376,163264,31,188.0,86.0,81,80,79,76,83,54,80,1,3,Medium,Medium,17,12,16,32,12,17,15,13,37,28,56,53,54,74,52,14,73,40,66,12,31,24,12,46,24,56,15,15,13
387,53612,32,198.0,90.0,81,27,41,55,47,85,70,2,3,Low,Medium,38,36,84,66,30,39,39,45,58,64,26,28,27,85,28,71,30,55,83,25,68,86,43,58,42,87,85,87,82
408,208333,23,184.0,82.0,80,71,67,77,77,78,84,3,4,High,High,70,60,70,81,61,76,68,65,80,80,69,73,73,77,71,79,76,85,84,72,83,79,73,79,60,74,78,80,79
419,204529,23,185.0,86.0,80,79,80,59,77,27,74,3,4,Medium,Low,65,83,73,64,74,76,61,46,36,77,77,80,78,79,78,83,81,65,82,76,61,23,83,63,67,81,16,26,22
423,203775,24,189.0,87.0,80,84,74,74,85,50,76,1,3,Medium,Medium,14,18,14,35,14,16,12,14,36,23,51,50,51,78,43,20,74,36,55,16,18,13,8,45,19,34,13,11,13
432,199434,28,181.0,76.0,80,70,67,80,83,37,63,4,2,Medium,Low,79,65,63,81,73,83,83,76,77,85,70,70,81,78,80,69,64,69,62,66,56,31,73,84,75,77,40,34,26
435,198784,23,175.0,70.0,80,88,70,74,84,52,71,4,4,High,Medium,75,68,39,78,58,85,67,53,73,82,87,88,84,74,88,75,66,76,70,74,66,51,74,72,69,73,52,57,54
448,193061,26,182.0,77.0,80,78,68,80,81,66,68,4,4,High,High,78,63,60,83,74,82,78,72,76,83,78,78,79,78,75,67,66,79,64,74,66,72,76,81,72,78,64,66,70
462,188253,26,180.0,72.0,80,70,60,75,74,77,81,3,4,Medium,High,68,55,63,82,61,76,64,64,81,74,72,68,66,75,71,67,66,90,78,65,79,78,63,72,60,75,79,78,78
466,186146,26,185.0,73.0,80,84,74,71,79,37,78,3,3,High,High,69,75,75,76,76,80,61,62,64,78,83,84,82,78,63,77,80,81,78,69,75,32,80,72,70,76,28,38,33
471,184111,26,190.0,83.0,80,73,78,65,73,33,80,3,4,Medium,Low,58,79,87,72,73,73,60,67,48,78,70,76,69,71,48,85,82,74,90,73,63,29,76,73,77,77,25,30,18
477,177604,31,179.0,72.0,80,76,53,72,75,80,74,2,3,High,Medium,78,39,67,77,56,73,74,59,61,77,75,76,73,81,74,71,75,83,69,61,75,83,64,66,61,76,80,83,81
493,169705,27,179.0,85.0,80,79,53,71,77,79,75,2,3,High,Medium,82,50,69,76,43,77,74,66,70,79,79,79,76,76,68,59,71,83,73,54,73,77,63,51,52,76,79,82,82
500,164859,28,176.0,68.0,80,91,75,72,80,38,66,3,3,Medium,Medium,74,77,58,74,72,81,76,74,65,78,92,91,83,77,79,76,66,73,62,69,65,35,80,72,74,78,33,39,36
501,164835,32,190.0,83.0,80,77,84,70,84,48,78,1,2,Medium,Medium,14,13,11,20,17,14,18,12,32,22,50,47,52,71,44,14,68,25,65,20,43,16,15,52,22,63,11,12,13
515,138412,31,175.0,70.0,80,67,74,82,77,76,78,3,4,High,High,85,66,69,84,76,77,81,77,81,78,69,66,72,84,73,85,64,91,73,77,79,76,75,77,83,86,76,77,79
520,53914,34,180.0,87.0,80,50,46,58,55,82,78,2,3,Medium,High,55,30,79,71,44,49,55,31,66,62,47,52,51,74,62,69,83,71,80,54,79,81,51,39,64,76,81,84,81
521,50542,34,171.0,65.0,80,74,85,61,79,25,65,3,4,Medium,Low,54,87,66,68,82,78,63,68,43,77,77,72,83,81,88,88,75,72,61,80,63,19,87,67,74,84,24,20,11
546,211381,23,170.0,60.0,79,82,71,73,86,36,43,5,4,High,Low,70,72,35,76,70,87,71,69,66,86,83,81,90,70,85,71,33,67,31,69,47,19,76,77,69,69,44,40,32
567,204311,22,190.0,96.0,79,67,50,58,55,79,83,2,3,Medium,Medium,54,47,77,62,47,48,59,60,56,66,63,71,45,74,52,56,87,72,88,49,83,76,53,57,61,71,78,83,78
570,203574,23,188.0,75.0,79,71,35,67,71,80,77,2,3,High,Medium,62,29,77,80,27,69,46,29,71,77,71,71,64,75,57,46,72,79,79,38,73,76,48,59,37,79,80,83,81
573,201988,28,189.0,83.0,79,48,28,51,50,81,76,2,2,Medium,High,23,26,80,70,21,39,49,42,56,66,48,48,48,72,48,27,76,68,79,29,78,82,36,44,42,71,82,79,78
580,201118,25,172.0,67.0,79,82,67,72,76,76,72,2,4,High,Medium,81,57,65,75,68,76,66,64,69,76,84,80,76,76,83,80,73,88,63,78,75,76,71,65,60,69,76,78,79
591,199576,25,183.0,83.0,79,57,39,65,64,78,85,2,3,Medium,High,37,25,67,79,35,59,49,53,71,72,63,52,60,75,58,60,67,84,87,43,88,84,50,70,54,75,73,83,76
593,199550,25,185.0,76.0,79,57,42,59,57,79,81,2,3,Medium,High,71,38,75,69,32,53,30,38,69,64,54,59,53,66,62,56,69,70,86,40,86,78,42,35,38,69,78,83,77
594,198683,25,186.0,81.0,79,74,81,71,78,25,70,3,3,High,Low,70,82,71,72,72,80,78,82,64,82,74,74,73,75,56,84,76,69,75,81,57,18,78,72,72,71,18,24,20
611,189963,28,182.0,88.0,79,66,80,59,72,39,81,3,4,Medium,Low,45,80,82,68,76,72,66,58,45,75,63,68,67,72,71,83,83,73,90,76,68,38,83,65,77,77,25,42,28
614,189271,26,178.0,74.0,79,66,52,67,75,78,80,3,3,Medium,High,60,41,60,75,43,72,55,41,71,78,65,67,74,74,81,71,80,79,76,57,91,85,62,67,52,74,77,80,80
624,186132,27,177.0,70.0,79,68,67,76,77,74,77,3,4,Medium,Medium,64,60,61,80,70,76,72,69,82,79,67,69,70,79,78,77,56,85,76,72,74,76,74,78,53,77,70,79,76
639,177578,30,196.0,97.0,79,37,36,50,40,80,81,2,2,Medium,Medium,44,34,87,60,22,30,32,38,49,57,38,36,30,73,29,47,64,65,89,32,85,74,37,46,35,68,80,83,76
646,176550,28,183.0,80.0,79,83,71,78,84,34,77,1,3,Medium,Medium,11,10,15,36,12,12,10,13,32,32,34,34,44,70,50,35,75,29,38,12,20,25,16,40,26,29,10,13,12
651,172962,26,177.0,79.0,79,83,71,72,82,70,74,4,4,Medium,Medium,75,70,69,73,63,84,75,61,70,80,84,83,80,76,83,75,66,87,80,68,45,72,76,71,71,75,68,72,70
658,169596,29,191.0,76.0,79,49,44,52,50,80,84,2,3,Medium,High,33,53,83,63,35,42,34,24,69,54,46,51,62,73,53,44,68,76,89,28,87,80,31,50,48,69,79,80,79
662,167943,31,174.0,70.0,79,63,73,78,75,73,71,3,4,Medium,Medium,72,69,67,81,73,71,77,77,77,82,62,63,71,81,77,78,70,71,68,76,78,76,70,80,78,79,70,75,73
679,142784,32,178.0,74.0,79,61,56,70,73,81,78,3,3,High,High,74,49,75,72,53,73,68,66,64,75,61,61,69,85,66,66,84,69,78,57,89,84,71,66,64,76,78,83,82
681,139062,35,186.0,80.0,79,80,76,73,81,46,78,1,3,Medium,Medium,12,11,22,33,13,12,23,11,48,30,44,47,39,75,55,23,70,44,70,14,30,19,7,47,16,56,15,11,12
685,135451,36,191.0,91.0,79,81,75,60,85,51,77,1,2,Medium,Medium,15,15,14,23,13,15,12,13,19,25,50,52,56,74,53,30,76,27,64,14,40,20,12,59,41,63,14,14,15
691,6826,36,183.0,78.0,79,32,65,79,68,78,76,2,3,Medium,Medium,80,56,74,83,65,68,78,73,74,76,30,33,43,79,60,77,70,72,76,71,80,81,58,74,72,81,77,78,77
747,208135,24,182.0,69.0,78,66,71,73,76,74,81,2,3,High,Medium,68,70,66,82,67,78,41,42,74,80,62,69,60,73,67,75,71,81,83,74,77,78,73,77,45,70,70,79,73
757,205569,22,173.0,66.0,78,66,66,84,75,61,67,3,3,Medium,Medium,88,61,57,83,51,71,88,83,82,81,67,65,74,74,79,74,68,77,61,70,67,65,62,82,80,79,55,65,62
805,195671,27,188.0,84.0,78,65,79,56,68,40,76,2,2,High,Medium,56,82,81,59,72,66,59,43,46,74,64,66,65,78,55,83,82,72,80,71,67,47,83,61,80,78,31,37,22
807,194932,25,181.0,73.0,78,85,75,73,80,33,63,3,4,High,Medium,77,72,52,75,59,82,71,76,67,79,86,84,82,71,72,82,48,76,59,77,58,21,70,71,83,68,39,31,27
823,189682,27,180.0,74.0,78,66,37,58,65,77,82,2,3,Medium,High,67,27,77,61,29,63,38,31,65,65,66,66,66,74,72,60,91,79,83,39,79,77,30,50,36,71,78,77,78
830,189157,28,188.0,84.0,78,87,68,68,84,31,78,5,4,High,High,75,64,51,71,51,87,62,49,67,82,86,87,82,74,76,81,64,76,82,71,76,31,69,65,65,69,27,34,17
848,186115,27,179.0,70.0,78,79,55,70,74,77,72,3,2,High,Medium,76,47,68,74,47,74,64,52,65,75,77,80,73,77,74,67,71,77,69,60,72,78,63,65,63,75,76,79,78
855,183125,29,183.0,90.0,78,65,81,65,69,35,85,3,3,High,Medium,55,80,82,73,78,65,68,36,60,75,64,65,65,74,73,86,82,77,92,78,80,29,77,73,80,78,33,29,25
859,182744,33,185.0,81.0,78,80,67,70,74,76,82,3,2,High,Medium,79,57,74,73,50,73,69,71,69,75,78,81,74,71,75,85,74,82,79,78,89,68,69,54,57,77,78,79,80
863,180283,28,186.0,79.0,78,65,74,81,75,63,70,3,4,Medium,High,74,72,71,86,55,75,76,77,81,81,61,68,70,67,59,83,70,71,72,72,66,54,73,81,76,81,55,70,71
877,170815,29,175.0,72.0,78,69,71,78,77,74,74,3,3,Medium,Medium,76,67,62,79,68,76,77,76,77,79,70,68,74,78,79,76,71,77,69,74,81,82,72,80,71,81,73,73,71
879,169706,28,185.0,69.0,78,59,62,75,74,76,79,2,4,Medium,High,66,60,73,80,60,75,73,58,78,77,61,58,63,79,71,72,73,84,80,56,72,80,70,76,58,80,73,78,76
961,213051,24,180.0,70.0,77,60,61,73,70,72,78,3,3,Medium,High,67,57,57,79,39,68,69,61,73,76,58,61,67,75,62,71,70,92,73,67,74,76,63,70,62,77,70,75,72
963,194365,31,173.0,78.0,77,74,74,69,78,47,75,3,4,High,High,66,74,74,76,76,77,53,50,66,78,76,73,83,84,71,77,91,79,69,68,80,45,82,69,74,70,35,55,34
966,198719,23,173.0,69.0,77,87,69,70,82,24,52,4,3,High,Medium,72,69,33,72,55,83,69,65,63,79,89,86,91,65,86,71,50,72,47,71,38,22,74,72,57,70,18,26,30
988,185422,25,180.0,74.0,77,90,77,60,76,29,70,3,3,Medium,Medium,63,82,63,68,67,77,69,42,48,74,87,92,78,72,71,78,72,73,77,69,50,33,77,56,72,72,22,26,19
1000,153177,30,176.0,76.0,77,77,79,68,85,33,65,4,4,Medium,Low,66,78,56,72,78,86,81,79,60,87,79,75,87,75,74,80,69,68,62,82,66,38,77,63,70,72,22,34,30
1002,183130,27,175.0,74.0,77,79,69,74,77,47,70,3,3,High,High,83,69,42,69,72,77,82,73,73,77,79,79,79,71,81,72,62,86,62,67,73,56,73,74,60,72,41,50,45
1003,194138,26,180.0,78.0,77,89,76,62,72,29,78,3,3,High,Medium,61,80,65,66,67,72,57,39,54,70,90,89,78,72,75,80,72,79,81,64,70,33,79,67,74,71,22,23,20
1034,105846,37,193.0,87.0,77,77,73,62,82,38,77,1,3,Medium,Medium,12,11,11,25,13,14,13,19,34,18,37,39,40,72,40,21,73,31,69,15,38,25,17,40,21,65,13,20,20
1048,140415,34,167.0,65.0,77,46,53,77,78,69,63,3,3,Low,Medium,65,55,41,85,47,76,61,58,79,81,47,46,76,78,91,51,70,68,55,48,77,73,55,82,59,84,70,75,69
1053,183427,27,174.0,60.0,77,74,69,73,82,68,75,3,3,High,High,69,63,53,80,59,83,72,48,75,79,76,72,89,72,86,80,68,88,66,73,82,75,71,72,65,76,63,73,71
1057,204935,23,185.0,77.0,77,77,76,85,82,44,73,1,3,Medium,Medium,17,19,15,50,20,14,18,16,53,38,48,41,33,68,46,31,59,44,50,13,23,24,18,66,41,51,14,20,12
1065,184716,27,168.0,62.0,77,62,63,73,77,70,70,3,3,Medium,Medium,68,68,44,82,38,75,58,50,75,77,65,60,78,82,90,63,78,86,59,60,74,76,69,72,52,81,68,77,70
1077,184469,27,176.0,70.0,77,67,72,74,74,67,77,3,5,High,High,62,70,49,82,63,72,64,70,77,76,67,67,75,73,76,76,71,77,75,75,84,71,68,75,68,73,64,74,66
1095,158626,31,177.0,76.0,77,69,65,73,73,77,73,3,3,High,Medium,79,59,74,75,62,72,74,61,73,73,71,68,74,74,74,74,81,70,71,68,79,74,63,64,66,75,78,78,78
1107,152747,30,165.0,63.0,77,83,64,71,82,38,62,3,3,High,Medium,78,65,28,76,68,82,63,55,54,80,84,82,91,74,91,64,70,70,59,57,57,42,71,73,62,77,40,37,37
1109,172203,29,201.0,93.0,77,74,78,69,80,34,76,1,5,Medium,Medium,19,13,13,27,19,20,10,19,19,33,32,35,32,70,42,36,59,29,80,12,43,22,13,44,22,34,13,13,12
1110,178091,27,186.0,90.0,77,73,74,57,72,27,83,2,3,High,High,50,74,84,71,67,75,58,48,29,75,67,77,57,71,47,81,76,73,93,69,73,21,74,62,68,71,15,25,20
1112,136113,33,186.0,101.0,77,37,30,41,57,77,82,2,3,Medium,Medium,17,19,77,56,23,58,14,18,47,61,33,41,29,76,51,52,76,70,89,35,79,76,39,49,17,66,77,78,74
1136,187084,29,185.0,79.0,77,83,75,61,68,65,81,3,3,Medium,Medium,62,77,84,67,71,65,39,36,55,70,81,85,74,76,66,80,92,84,80,64,77,64,78,66,75,73,64,64,58
1146,151508,32,173.0,70.0,77,64,61,77,77,67,74,3,3,High,High,75,58,53,81,64,76,73,69,77,77,65,63,77,80,76,63,82,86,67,63,74,67,68,75,62,84,66,71,67
1158,157665,30,188.0,78.0,77,45,40,52,49,78,77,2,3,Low,Medium,30,40,85,63,29,38,30,29,65,63,44,45,49,76,54,52,69,73,82,32,73,79,36,55,30,71,76,78,78
1161,226790,20,183.0,74.0,77,74,60,65,67,78,80,2,4,Medium,High,50,50,73,74,66,63,57,58,69,73,72,75,69,74,65,78,78,88,78,70,76,80,62,65,35,73,74,83,79
1169,186351,27,188.0,90.0,77,71,75,72,75,70,81,3,4,Medium,Low,68,71,80,79,66,78,49,44,76,75,70,72,71,73,51,85,91,90,75,78,80,70,75,73,72,72,66,70,69
1171,199667,26,186.0,78.0,77,68,49,61,65,76,78,2,3,Medium,Medium,73,40,80,67,25,63,49,58,55,68,66,70,65,71,61,69,78,72,79,56,83,74,49,47,52,64,75,78,76
1172,193011,26,185.0,82.0,77,56,27,52,60,77,77,2,3,Medium,High,40,24,74,72,31,54,22,22,62,68,60,53,56,75,69,47,73,68,82,16,77,76,15,35,20,70,78,78,75
1176,188155,27,185.0,80.0,77,74,63,70,74,74,81,3,3,High,Medium,77,55,70,70,67,74,64,56,68,76,72,75,71,79,63,76,71,92,75,64,84,73,68,70,62,66,74,77,75
1185,203263,24,194.0,100.0,77,46,37,56,61,77,82,2,3,High,High,41,30,77,69,27,64,29,46,65,64,40,51,38,67,55,54,71,72,90,34,75,74,52,50,40,71,77,78,75
1188,169216,30,178.0,70.0,76,83,72,60,74,37,80,3,2,High,High,70,73,75,62,70,73,54,37,49,75,84,82,73,77,73,76,93,80,78,67,80,42,77,63,72,70,36,27,24
1189,204289,23,180.0,82.0,76,79,77,57,76,27,61,3,4,Medium,Medium,51,80,67,62,68,76,63,61,55,77,82,77,73,71,71,81,62,64,64,68,47,33,79,54,73,70,20,18,23
1211,195859,24,178.0,73.0,76,82,74,64,77,35,71,3,3,High,High,62,77,71,69,66,77,57,36,61,76,83,82,77,74,79,74,81,75,73,67,60,39,79,68,68,70,33,24,27
1218,210972,23,178.0,76.0,76,76,45,65,71,73,72,2,3,High,Medium,79,32,63,73,37,71,75,51,66,73,78,74,74,69,64,69,68,89,66,44,67,69,69,39,46,64,73,78,75
1222,189725,27,175.0,67.0,76,67,69,75,75,58,65,3,3,Medium,Medium,74,64,48,78,68,74,59,62,77,77,64,70,72,77,77,74,62,73,58,75,71,65,74,77,72,69,47,71,52
1228,179746,27,188.0,90.0,76,58,77,64,71,43,83,2,3,High,Medium,59,78,81,68,70,71,61,46,60,77,57,59,53,74,60,80,86,79,86,71,80,42,78,70,79,75,42,38,29
1232,178213,28,190.0,87.0,76,58,70,70,73,74,76,2,3,Medium,Medium,70,70,70,77,67,76,61,30,77,77,62,55,48,78,63,76,74,85,77,69,65,71,73,67,52,77,75,75,73
1247,186672,31,191.0,84.0,76,63,56,67,68,78,77,2,3,Medium,Medium,60,51,73,73,56,69,60,60,66,70,62,63,60,71,53,65,77,79,76,56,77,78,62,70,63,80,76,81,77
1249,139313,31,187.0,89.0,76,62,69,77,71,76,77,3,2,Medium,Medium,83,57,76,76,70,70,86,78,75,75,63,62,66,75,60,83,76,79,75,79,78,76,72,73,68,70,74,77,77
1267,200765,24,180.0,80.0,76,68,50,64,74,76,76,2,3,Medium,High,45,51,67,75,41,71,52,57,69,78,65,71,76,72,75,55,82,69,75,48,84,77,46,65,48,76,74,77,81
1278,169792,27,185.0,80.0,76,77,75,68,76,32,67,3,4,High,Medium,68,77,76,75,74,77,69,29,66,75,76,78,75,77,64,74,81,76,71,72,41,44,80,69,71,75,16,28,21
1370,197756,25,182.0,81.0,76,76,74,70,79,37,74,4,3,Medium,Low,70,73,76,74,74,80,77,71,60,78,75,77,79,76,75,76,72,74,74,74,75,35,72,70,74,70,23,42,30
1424,201884,25,175.0,69.0,76,81,71,75,76,65,69,3,4,High,Medium,80,68,59,71,66,76,81,79,75,75,83,79,77,74,78,77,75,77,69,74,58,66,72,76,72,74,62,68,71
1425,212125,23,175.0,65.0,76,90,65,68,82,41,54,4,3,Medium,Medium,68,66,58,71,68,83,79,62,57,81,89,91,88,73,79,65,66,61,55,60,41,49,73,71,70,76,32,39,37
1473,202695,24,191.0,81.0,76,64,43,61,64,75,79,2,4,Medium,Medium,56,36,75,68,40,62,51,57,69,67,63,65,62,71,60,63,80,76,82,38,76,74,40,53,52,74,75,76,75
1475,204233,20,173.0,66.0,76,87,65,70,83,23,49,5,5,Medium,Medium,72,66,39,73,52,83,67,56,70,80,89,86,92,72,85,70,44,66,47,62,32,21,68,67,55,66,21,20,22
1478,135883,32,183.0,90.0,76,65,43,69,67,76,76,2,4,High,Medium,75,25,69,73,26,66,51,61,67,73,62,67,58,73,58,64,57,72,81,62,75,71,55,62,44,71,77,79,77
1487,199633,28,180.0,78.0,76,75,60,69,73,74,77,2,3,High,High,75,52,71,72,70,72,68,46,63,74,76,75,72,76,71,72,77,81,75,68,76,74,62,68,49,74,73,74,76
1503,206304,26,186.0,80.0,76,62,62,70,66,74,81,3,2,Medium,Medium,59,54,74,76,42,63,64,75,75,72,61,63,60,73,58,75,64,89,77,72,85,75,65,68,62,73,75,73,68
1547,205566,24,171.0,65.0,76,88,65,68,78,68,74,2,3,High,Low,78,59,61,74,35,76,59,40,64,79,87,88,86,69,87,80,85,85,64,74,83,69,69,58,54,63,63,72,76
1590,208920,22,180.0,75.0,75,76,49,67,66,75,74,2,3,Medium,Medium,64,41,69,75,52,63,63,59,72,69,75,76,66,73,63,63,78,75,76,56,67,76,44,53,48,68,75,77,74
1600,200478,25,185.0,79.0,75,72,68,74,75,70,78,3,3,Medium,Medium,70,67,68,77,68,76,73,64,76,74,74,70,71,72,77,71,76,79,78,69,75,75,72,74,63,77,68,71,69
1605,163873,34,187.0,88.0,75,75,74,71,75,45,78,1,3,Medium,Medium,13,20,12,22,11,11,11,14,32,32,46,44,60,68,58,38,75,20,72,18,28,24,11,42,37,53,13,20,20
1613,54051,32,170.0,77.0,75,72,66,70,81,36,61,4,2,High,High,74,69,34,73,71,83,61,28,72,77,71,72,79,73,87,68,71,68,67,55,36,39,72,74,63,69,30,37,46
1646,137782,32,182.0,78.0,75,71,63,72,76,73,72,3,4,High,Low,75,54,68,75,56,78,69,54,70,77,74,69,72,74,67,79,77,71,72,70,71,68,69,69,60,72,75,76,77
1688,205897,22,185.0,76.0,75,67,61,70,74,73,73,2,3,Medium,Medium,58,55,71,78,53,74,51,38,79,76,69,65,74,69,65,75,71,72,75,67,72,70,62,76,49,68,72,77,73
1702,186190,26,176.0,67.0,75,86,63,67,74,70,72,3,2,High,Medium,63,61,64,73,53,74,38,61,74,72,87,86,77,75,78,70,86,84,65,64,73,67,73,64,46,65,65,76,75
1721,201818,24,171.0,66.0,75,93,75,62,78,28,57,4,3,High,Medium,67,77,64,64,72,77,60,48,52,76,95,92,88,77,85,77,75,89,48,71,33,24,75,66,69,72,20,28,24
1723,163418,31,193.0,87.0,75,52,44,56,55,74,79,2,3,High,Medium,56,21,80,64,34,52,44,43,54,59,46,57,53,66,46,82,78,67,85,56,81,74,51,51,54,65,72,75,74
1739,2147,34,197.0,92.0,75,76,73,79,75,41,72,1,4,Medium,Medium,18,11,14,39,11,12,13,13,37,31,35,45,35,73,27,13,55,30,77,11,41,26,13,41,23,63,18,15,14
1752,192362,26,177.0,77.0,75,91,65,67,76,24,58,4,3,Medium,Low,76,70,40,71,62,76,69,59,42,76,91,91,80,74,77,65,34,71,65,54,28,20,73,72,58,71,19,28,22
1769,196978,25,180.0,66.0,75,90,73,63,74,34,76,3,3,High,Medium,52,79,62,70,65,73,62,45,60,75,92,89,78,70,77,69,66,75,78,64,73,40,77,71,75,78,20,39,25
1776,190324,26,188.0,84.0,75,73,50,49,62,74,79,2,3,Medium,High,47,49,74,60,52,59,34,27,57,64,71,74,63,71,59,57,79,77,81,44,75,74,58,36,53,64,73,75,78
1783,173436,29,167.0,62.0,75,83,72,67,80,38,63,4,3,High,High,64,73,32,74,52,80,58,42,65,77,85,82,85,67,93,75,72,72,55,74,69,35,72,66,70,67,33,45,48
1791,169600,30,176.0,80.0,75,69,38,61,67,77,76,2,3,Low,High,68,27,71,64,50,64,44,32,60,69,70,68,65,76,80,37,79,79,72,54,79,77,58,63,54,67,78,77,76
1805,178567,28,183.0,84.0,75,66,40,65,67,78,78,2,2,Medium,Medium,58,32,73,75,34,64,67,56,60,73,63,69,65,71,57,51,68,75,77,36,85,77,61,61,65,67,77,80,81
1810,189067,31,190.0,85.0,75,50,34,50,52,76,74,2,3,Medium,Medium,43,37,75,60,22,47,47,52,64,58,48,51,49,68,54,30,83,62,79,31,76,75,24,31,51,66,75,78,76
1812,189324,27,193.0,79.0,75,76,73,61,78,57,74,1,2,Medium,Medium,11,17,16,33,12,17,15,18,35,17,58,56,35,69,43,20,68,35,63,14,35,22,16,50,41,63,13,13,12
1816,213648,21,185.0,84.0,75,64,61,73,75,69,77,3,4,Medium,Medium,66,52,60,76,60,75,69,70,74,77,65,64,71,75,65,78,64,79,77,68,78,74,62,74,51,69,65,73,64
1824,212883,22,186.0,79.0,75,73,60,63,70,72,86,2,3,Medium,High,49,46,74,76,68,69,44,32,71,72,70,76,68,76,69,83,86,89,85,71,84,72,42,60,51,70,70,74,72
1830,184472,29,178.0,81.0,75,82,62,67,71,73,76,3,2,High,Medium,69,55,64,69,65,72,64,53,66,70,79,84,74,73,64,75,73,86,72,64,74,69,69,66,49,72,74,76,73
1842,191648,28,189.0,78.0,75,62,41,51,61,76,75,2,4,Medium,High,36,34,74,63,56,57,38,33,52,63,61,62,72,73,57,50,85,74,78,41,66,70,42,50,54,65,76,79,76
1853,205989,22,183.0,66.0,75,64,51,66,69,75,76,2,3,Low,High,70,47,68,73,49,67,59,49,65,73,61,67,66,66,67,52,71,75,75,56,81,72,54,54,54,68,75,79,77
1856,169638,30,178.0,75.0,75,76,55,72,74,72,70,2,3,High,Medium,74,50,64,73,45,74,67,68,69,74,77,75,73,70,72,68,78,79,72,47,51,71,71,71,72,69,72,76,74
1889,225719,20,185.0,82.0,75,84,75,60,74,22,68,3,3,High,Medium,48,79,60,66,69,73,67,53,58,75,84,84,78,70,68,76,58,68,74,66,56,17,79,65,74,72,15,22,12
1906,138436,33,183.0,79.0,75,63,73,70,72,59,82,3,3,High,High,74,75,76,73,67,72,64,56,63,73,62,64,73,77,68,75,75,84,83,69,81,61,76,69,74,73,56,58,49
1909,171972,29,178.0,66.0,75,62,60,72,71,72,76,3,3,High,High,66,56,66,78,51,66,54,61,74,77,65,60,72,77,78,65,61,78,73,61,86,78,73,71,67,77,70,74,70
1912,165321,31,184.0,82.0,75,68,59,69,70,74,78,3,5,High,High,72,58,70,72,66,70,69,55,68,71,69,67,66,76,63,63,72,82,77,54,78,74,59,64,62,68,74,76,75
1916,216267,23,178.0,64.0,75,80,60,67,75,72,71,2,2,High,High,78,60,65,68,32,74,71,30,59,75,78,82,81,71,74,67,55,81,68,61,69,73,64,69,55,67,72,74,70
1929,208339,27,182.0,82.0,75,77,74,57,71,30,72,2,3,Medium,Medium,56,75,74,64,74,73,63,39,35,70,81,74,71,70,67,76,70,75,77,71,56,35,75,63,67,67,20,23,24
1950,172768,30,178.0,73.0,75,61,64,75,72,64,71,3,4,Medium,Medium,68,63,59,82,55,72,61,68,76,74,62,60,63,69,72,67,71,77,69,65,68,65,65,76,67,73,62,68,62
1959,186598,28,180.0,73.0,75,74,52,65,67,74,70,3,3,High,Medium,71,45,70,73,52,64,43,28,66,68,74,74,71,70,70,68,73,74,68,52,68,73,54,59,47,67,71,78,79
1966,173546,28,192.0,74.0,75,51,33,53,54,77,75,2,2,Medium,Medium,45,29,78,63,28,50,33,31,60,58,50,52,51,73,53,40,74,73,76,29,73,74,45,50,43,69,75,79,78
1998,183288,30,185.0,86.0,75,64,39,57,54,75,79,2,3,Medium,High,61,24,67,64,48,47,51,52,63,60,64,64,60,67,59,68,79,67,82,39,87,78,46,40,38,63,73,76,75
2059,186392,27,188.0,83.0,74,65,54,65,65,76,75,2,3,Medium,Medium,70,46,75,68,33,64,43,34,69,67,64,65,64,72,61,68,66,77,76,63,74,77,64,66,40,72,76,76,77
2062,186905,27,186.0,76.0,74,67,73,63,73,42,81,2,4,High,Medium,65,74,76,66,68,72,60,56,57,76,68,67,71,68,67,76,82,78,80,67,87,35,73,63,74,67,33,46,39
2089,160292,31,181.0,80.0,74,50,68,76,71,68,70,2,3,Low,High,74,67,58,79,63,68,80,76,77,76,57,45,70,73,75,73,74,75,70,64,61,72,64,71,78,74,64,72,69
2135,51257,36,201.0,75.0,74,33,75,68,66,32,69,3,3,Medium,Medium,59,76,81,75,80,64,57,50,63,77,31,34,55,82,28,74,31,66,74,70,68,23,82,74,74,76,31,26,20
2161,202052,24,183.0,78.0,74,80,73,60,71,26,72,3,3,High,Medium,49,77,66,67,70,71,68,57,52,73,82,79,70,68,69,68,77,71,76,67,60,25,78,65,72,70,21,22,17
2176,155976,31,185.0,83.0,74,43,75,79,67,58,72,3,3,Medium,Low,82,67,66,77,75,64,79,75,81,74,48,39,59,73,63,85,58,56,75,80,88,54,77,81,83,71,54,61,57
2205,153938,34,178.0,82.0,74,50,59,71,72,79,72,3,3,Medium,High,80,56,76,70,43,73,63,57,71,75,53,47,68,75,55,66,75,67,76,59,68,82,65,71,59,76,78,80,77
2210,195668,27,195.0,90.0,74,78,69,75,77,51,72,1,2,Medium,Medium,12,11,12,15,13,15,11,20,26,25,49,52,47,67,41,36,64,30,72,11,23,22,16,38,15,37,15,11,14
2249,170084,30,198.0,90.0,74,73,75,80,71,41,76,1,3,Medium,Medium,11,12,14,12,10,8,12,11,13,12,40,41,50,61,51,34,41,29,68,10,21,22,14,58,17,48,15,18,13
2292,199286,26,168.0,75.0,74,78,59,69,73,71,75,2,2,High,Medium,69,58,58,76,31,70,56,47,66,75,76,79,76,74,87,72,67,75,72,53,83,72,68,68,58,65,70,75,72
2320,233601,20,183.0,75.0,74,75,62,71,77,43,65,4,4,High,High,70,60,59,76,61,79,63,63,64,79,77,74,73,63,67,62,51,72,68,65,54,33,73,74,65,75,43,44,46
2355,213655,21,180.0,75.0,74,78,61,66,82,28,65,3,3,Medium,Medium,52,63,42,80,48,83,50,40,57,83,79,78,77,72,76,67,50,70,72,54,46,24,68,75,56,70,29,26,23
2364,165788,30,188.0,89.0,74,49,72,62,69,42,79,2,3,Medium,Medium,51,74,83,69,72,70,55,56,63,72,44,53,55,75,57,76,74,67,88,63,71,33,76,61,73,72,27,48,45
2431,205243,26,191.0,87.0,74,58,33,41,44,74,81,2,3,Low,Medium,36,31,73,46,25,36,30,29,51,51,51,64,47,69,46,44,67,66,91,29,77,71,29,36,34,68,75,75,73
2453,152514,31,173.0,66.0,74,66,68,75,75,61,70,3,2,Medium,Medium,74,66,49,75,68,75,75,75,76,74,67,66,73,73,83,70,63,74,68,68,72,59,73,74,73,74,65,63,58
2594,189446,27,183.0,76.0,73,80,68,71,73,32,56,4,3,High,Medium,71,70,43,73,51,73,71,75,65,74,77,83,79,67,62,70,48,76,57,66,31,60,66,73,61,65,16,27,29
2819,159577,35,191.0,89.0,73,31,41,49,39,73,79,2,3,Medium,Medium,51,32,77,50,28,28,32,49,55,55,30,31,26,73,38,49,58,65,84,57,87,71,33,45,56,61,72,75,74
2841,189280,27,170.0,67.0,73,65,53,76,71,63,66,2,3,Medium,Medium,76,47,44,76,48,65,71,75,79,77,68,63,73,76,79,62,63,78,65,57,55,70,54,76,55,76,62,66,64
2852,191076,26,178.0,77.0,73,78,72,69,76,49,72,3,4,High,Medium,74,68,56,67,70,77,77,76,59,75,80,77,76,69,77,84,79,78,72,74,63,49,69,70,61,71,45,50,49
2877,183916,28,173.0,69.0,73,71,68,74,75,72,73,3,3,High,High,75,61,71,77,69,75,75,73,75,75,73,70,76,68,77,83,70,75,70,72,77,73,67,67,63,73,71,72,70
2879,207725,24,190.0,83.0,73,38,45,47,47,75,74,2,3,Medium,Medium,36,42,80,57,26,45,33,31,62,54,34,42,32,62,37,73,83,57,85,31,64,70,40,37,40,62,75,78,70
2887,178287,28,178.0,70.0,73,69,68,72,74,63,68,3,3,High,High,74,70,63,73,58,74,70,65,69,73,70,68,73,70,78,71,72,82,69,66,48,65,71,72,62,71,62,64,60
2898,230005,19,180.0,70.0,73,73,61,71,74,58,73,3,3,Medium,Medium,66,64,52,79,40,73,43,55,71,77,74,73,75,65,75,70,57,81,69,56,77,56,66,73,42,74,54,64,58
2937,192129,28,190.0,85.0,73,73,66,66,78,53,74,1,2,Medium,Medium,11,13,13,41,11,14,20,11,26,24,55,52,58,70,46,19,83,33,74,12,24,23,15,30,13,18,13,13,15
2984,208534,23,188.0,87.0,73,53,43,42,53,73,75,2,3,Medium,High,23,52,77,62,45,47,22,24,52,63,53,53,50,64,51,53,78,61,85,21,69,73,25,26,32,67,74,72,69
3024,190885,26,180.0,78.0,73,76,55,69,73,71,69,3,3,High,Medium,72,43,56,72,40,74,59,66,61,72,77,75,74,73,69,72,53,76,68,68,67,70,63,69,48,72,72,75,72
3038,222634,21,182.0,90.0,73,84,68,64,76,29,71,3,3,Medium,Medium,73,69,64,68,55,77,56,54,55,79,80,88,73,68,57,80,82,65,84,58,45,20,72,61,68,63,22,33,24
3045,184749,27,183.0,79.0,73,62,68,70,68,67,71,3,3,Medium,Medium,68,65,61,73,64,66,57,57,71,71,64,60,65,69,71,71,67,76,66,73,76,71,77,73,61,77,66,68,68
3067,166838,30,180.0,72.0,73,71,66,67,76,39,68,4,4,High,Medium,71,68,66,69,49,77,60,69,59,75,74,69,82,69,66,67,63,78,66,66,60,37,72,69,64,71,30,44,31
3092,207807,23,163.0,60.0,73,88,64,68,76,42,55,3,4,High,Medium,72,67,25,69,43,76,70,67,54,71,89,88,92,64,93,60,61,72,41,69,65,35,69,70,56,68,53,43,37
3100,193475,27,178.0,66.0,73,74,51,70,72,71,74,2,2,High,Medium,76,43,72,70,43,73,73,69,68,71,75,73,74,73,72,65,90,71,72,54,79,67,73,64,49,65,71,72,76
3156,220633,21,180.0,74.0,73,90,66,64,80,23,55,3,3,Medium,Low,69,64,31,66,50,82,70,45,59,77,90,90,90,64,82,74,55,72,56,71,33,23,65,60,58,64,21,23,20
3177,180706,28,190.0,83.0,73,56,37,54,54,74,73,2,3,Medium,Medium,39,29,74,71,30,47,39,39,61,59,50,61,64,69,56,56,69,71,75,41,69,68,27,43,28,67,76,77,73
3184,184037,27,191.0,77.0,73,58,44,61,62,74,76,3,3,Medium,Medium,73,38,76,68,39,59,60,35,64,67,56,60,59,73,55,61,70,75,79,38,70,71,42,39,58,75,72,77,78
3197,53739,34,193.0,83.0,73,74,70,69,75,43,72,1,4,Medium,Medium,19,17,14,26,15,11,17,19,24,20,47,40,49,67,45,24,63,34,58,19,42,23,14,56,20,59,12,13,19
3221,164853,32,188.0,90.0,73,73,69,78,73,47,70,1,2,Medium,Medium,19,18,18,28,19,19,27,21,25,27,45,48,50,72,42,17,73,41,72,14,44,22,16,63,41,61,20,11,18
3242,202491,25,178.0,66.0,73,66,58,74,70,52,51,3,2,Medium,Medium,60,57,46,83,58,65,66,65,76,75,67,65,78,69,74,59,45,72,42,58,47,55,67,75,56,68,53,54,47
3423,200759,24,178.0,72.0,72,87,61,62,74,67,77,2,2,High,Medium,66,56,64,65,64,74,62,34,55,70,84,89,81,69,79,74,77,77,79,53,70,65,70,63,68,64,68,68,70
3481,170570,30,173.0,67.0,72,54,65,70,72,45,59,3,3,Medium,Medium,63,64,42,75,75,70,71,60,64,73,57,51,75,76,78,62,60,60,57,64,60,54,75,76,66,74,38,45,48
3523,215639,21,182.0,77.0,72,80,66,64,76,49,64,4,2,Medium,Medium,63,64,66,66,55,77,60,54,65,77,83,78,84,67,62,75,69,73,70,66,34,52,67,65,67,66,43,48,44
3541,193884,26,188.0,74.0,72,71,67,71,72,63,70,3,4,High,High,70,66,60,76,68,74,65,67,70,72,68,74,66,64,63,67,70,89,67,68,56,67,64,68,65,69,61,64,57
3567,52326,32,191.0,85.0,72,73,70,69,77,47,71,1,2,Medium,Medium,11,12,12,39,22,11,11,14,34,22,46,47,38,59,45,25,66,31,62,11,45,24,11,52,22,67,13,12,11
3596,191089,24,191.0,90.0,72,66,72,61,66,27,76,2,3,High,Medium,62,74,72,62,62,67,53,67,57,70,63,68,57,72,53,76,68,70,83,67,69,18,68,60,75,65,19,28,20
3709,172953,30,180.0,78.0,72,68,34,57,63,75,72,2,3,Medium,Medium,57,27,76,63,21,59,33,22,61,65,68,68,64,73,76,47,80,70,77,34,58,68,53,58,44,64,76,77,79
3722,179613,29,183.0,90.0,72,74,71,69,74,39,76,3,3,High,Medium,75,66,61,67,68,76,74,73,63,73,73,74,72,67,67,79,60,64,84,75,75,40,72,69,70,69,37,33,35
3735,152991,33,183.0,72.0,72,67,67,71,69,69,79,2,3,Medium,High,68,65,67,75,66,70,65,62,75,69,68,66,63,75,67,74,78,78,77,67,83,76,59,70,56,74,68,66,73
3808,163261,32,180.0,74.0,72,62,59,60,64,73,76,2,3,Medium,Medium,65,47,67,70,43,61,66,33,62,67,66,58,68,74,62,83,75,71,75,66,85,68,58,42,56,67,74,76,79
3836,228295,21,189.0,75.0,72,62,34,53,65,73,74,2,3,Medium,Medium,52,30,64,62,27,63,33,30,44,69,61,63,60,68,69,48,73,75,75,27,72,73,40,55,38,72,74,74,73
3874,186578,28,184.0,79.0,72,64,71,68,70,68,71,2,3,High,Medium,61,70,73,74,69,69,64,59,69,73,66,62,69,72,60,72,75,71,73,72,63,67,72,69,63,69,68,69,63
3916,205540,21,176.0,81.0,72,85,67,62,77,45,66,3,4,Medium,Medium,66,65,35,67,50,78,65,31,57,76,85,85,75,64,80,79,60,69,71,68,50,46,68,58,57,65,42,49,46
4116,224294,20,175.0,71.0,71,73,56,68,76,63,70,3,4,Medium,Medium,57,56,47,76,44,76,54,58,71,76,77,70,78,69,80,60,60,77,63,58,79,66,59,69,45,70,61,68,66
4188,49212,38,186.0,80.0,71,74,70,67,73,43,67,1,3,Medium,Medium,13,13,11,24,12,12,15,12,23,14,42,43,48,68,55,20,74,33,43,12,21,17,8,34,22,35,12,12,15
4513,232099,21,191.0,82.0,71,67,68,67,67,69,77,2,3,Medium,Medium,60,70,69,74,61,67,60,43,72,72,63,71,56,64,53,75,74,78,78,62,75,70,72,66,57,60,66,72,71
4617,212419,24,196.0,77.0,71,74,36,61,66,69,77,2,3,Medium,Medium,70,35,63,65,30,69,45,37,59,65,73,75,64,67,54,41,64,77,80,30,73,70,57,54,32,59,68,71,70
4638,202697,23,185.0,75.0,71,61,41,55,62,72,69,2,3,Medium,Medium,47,36,68,66,34,60,55,58,53,66,57,64,60,65,58,49,67,66,74,42,63,72,47,44,42,65,71,74,69
4713,155355,28,180.0,68.0,71,72,63,71,72,50,61,4,3,High,High,69,61,58,72,66,71,72,65,66,70,73,71,75,74,78,65,68,75,56,62,56,56,70,74,63,72,42,52,43
4755,204519,27,185.0,77.0,71,71,52,63,63,69,75,2,3,High,Medium,73,45,65,62,44,62,63,45,60,61,69,72,70,72,60,61,85,82,73,60,71,70,53,59,51,71,67,71,69
4839,225539,19,187.0,80.0,70,75,67,62,73,25,63,3,3,High,Medium,54,70,64,71,65,73,54,42,58,76,76,74,73,63,69,68,69,68,72,57,34,22,66,63,71,64,24,15,22
4883,201999,24,181.0,79.0,70,65,39,59,69,72,72,2,3,Medium,Medium,67,43,62,66,30,67,34,26,63,73,68,62,67,60,69,35,66,63,71,32,88,68,52,48,47,67,75,75,76
5056,203841,25,192.0,76.0,70,72,69,71,72,47,69,1,3,Medium,Medium,11,14,11,32,14,13,11,12,35,24,50,45,29,59,45,17,59,32,52,15,36,17,13,41,22,39,15,15,14
5093,225100,20,188.0,77.0,70,77,30,53,65,69,72,2,3,Medium,Medium,57,26,69,65,24,65,41,29,53,65,75,78,64,65,66,41,64,67,78,26,63,66,51,39,26,63,69,71,71
5148,229984,20,178.0,77.0,70,76,43,64,71,66,69,2,3,High,Medium,69,45,55,65,39,72,60,46,62,70,77,75,72,64,70,39,75,77,63,35,71,69,69,65,50,69,64,68,71
5158,194146,26,187.0,82.0,70,63,35,43,52,70,76,2,2,Low,Medium,38,29,72,51,26,49,38,32,50,52,66,61,61,66,57,56,80,72,78,27,74,69,48,34,32,65,69,71,70
5400,213666,21,191.0,83.0,70,67,55,63,71,64,75,2,4,Medium,Medium,41,61,57,76,31,71,31,31,74,76,65,69,62,60,68,51,59,76,79,49,67,62,68,70,45,71,64,67,61
5453,204210,28,193.0,84.0,70,46,49,52,56,70,74,2,3,Medium,High,49,54,74,62,53,55,35,46,58,59,43,48,51,67,53,37,59,67,80,49,73,66,37,40,50,64,69,72,67
5511,221890,23,182.0,78.0,70,65,54,63,66,70,73,2,3,Low,High,54,52,76,73,45,63,49,33,67,72,67,64,69,57,67,67,57,69,76,50,75,66,57,64,51,67,70,71,73
5869,218659,21,183.0,70.0,69,75,37,60,64,66,68,2,2,Medium,Medium,72,36,56,64,37,64,63,62,62,61,72,78,72,59,63,34,61,72,68,38,63,67,49,40,51,59,64,71,68
6134,231281,18,175.0,69.0,69,81,58,70,67,64,66,2,3,High,Medium,70,56,56,73,41,68,73,74,67,63,81,81,75,60,75,62,67,78,59,63,69,64,62,63,55,65,63,66,64
6362,221618,21,184.0,80.0,69,80,72,39,67,21,60,3,2,Medium,Medium,29,71,67,45,47,74,34,31,33,56,78,81,74,60,64,76,70,53,74,76,33,18,66,47,75,60,14,15,17
6705,212493,21,182.0,70.0,68,82,64,62,74,26,54,3,3,Medium,Medium,64,65,32,62,59,75,62,69,56,71,82,82,84,56,76,65,58,61,59,64,32,32,57,63,53,56,24,23,22
6741,170008,29,192.0,91.0,68,71,63,63,68,45,69,1,3,Medium,Medium,11,20,11,25,14,18,13,12,30,23,45,45,51,60,56,23,54,35,64,18,34,23,16,39,22,56,12,12,12
7703,225024,20,184.0,63.0,67,76,42,54,65,66,71,2,3,Medium,Medium,43,37,62,68,40,65,39,35,59,67,75,76,65,65,57,51,57,74,75,42,63,58,50,45,40,66,65,71,70
7870,218660,20,168.0,65.0,67,83,59,60,72,29,53,2,3,Medium,Medium,60,59,42,65,54,73,58,45,58,68,86,80,81,62,78,64,45,60,57,53,37,20,54,57,67,61,26,31,36
7883,221479,20,187.0,71.0,67,82,64,51,68,31,64,2,3,High,Low,46,69,60,61,59,68,45,42,35,66,83,82,81,57,71,65,75,69,67,56,49,34,66,54,54,55,23,31,21
8409,172966,29,173.0,72.0,67,59,42,57,62,69,69,2,3,Medium,Medium,63,39,53,60,43,59,44,66,48,63,61,58,67,59,79,47,77,75,72,40,52,63,52,55,39,72,72,73,77
8558,215756,22,180.0,70.0,67,75,48,61,70,63,68,2,3,Medium,Medium,72,47,53,60,42,71,67,47,57,69,74,76,73,62,72,48,61,73,71,51,55,62,47,57,52,57,62,67,61
8917,50723,36,198.0,85.0,66,67,64,63,63,52,65,1,2,Medium,Medium,13,11,20,28,12,11,13,11,18,26,51,52,54,68,51,25,32,44,76,13,40,24,13,21,41,62,11,12,12
9679,234706,19,173.0,70.0,66,82,40,60,64,62,61,2,2,High,Medium,67,37,36,63,34,63,44,48,53,68,80,83,64,49,72,44,61,72,55,38,64,59,68,59,43,60,65,69,66
9703,236246,19,183.0,75.0,66,73,57,64,69,44,65,3,3,Medium,Medium,56,57,57,74,56,68,60,49,71,75,71,74,61,63,61,67,58,60,75,47,46,27,50,55,57,60,45,47,57
9804,228332,19,178.0,64.0,66,70,44,58,62,64,73,3,3,Medium,High,43,35,61,69,42,61,45,48,60,60,69,71,70,59,72,69,64,71,73,38,77,63,41,56,51,59,64,67,62
9834,231410,17,170.0,68.0,66,76,64,55,73,23,46,3,4,High,Medium,43,65,30,63,44,73,62,47,48,72,78,75,79,54,82,69,67,62,43,62,28,20,61,58,58,57,22,23,21
9851,225782,19,177.0,71.0,66,83,53,62,65,57,66,3,4,Medium,Medium,60,51,38,68,39,65,44,36,66,63,80,85,74,62,70,58,58,72,68,54,55,61,56,60,54,55,57,59,58
10745,210389,23,177.0,70.0,65,83,43,61,59,56,68,2,3,Medium,Medium,77,42,35,62,23,55,63,27,60,56,81,85,75,62,75,40,64,78,63,49,70,62,59,50,40,58,53,60,58
10754,236248,17,174.0,72.0,65,77,62,57,68,21,53,3,4,High,Medium,50,62,44,65,45,66,50,45,58,67,82,73,79,60,79,66,60,64,56,62,31,28,64,56,62,60,16,15,21
10930,216321,22,185.0,82.0,64,65,57,61,67,37,60,3,3,High,High,52,56,50,66,55,68,61,66,59,67,64,66,71,60,63,63,59,53,64,56,61,27,54,63,60,60,33,44,38
11751,222922,21,168.0,70.0,64,65,48,66,67,47,49,3,3,High,Low,57,52,51,72,47,65,61,51,62,67,66,65,79,55,84,53,69,55,45,34,45,28,45,70,59,70,44,57,55
11922,230899,19,174.0,78.0,64,84,68,48,73,17,60,2,4,High,Medium,51,68,49,53,58,75,48,34,39,66,85,83,87,59,80,70,68,58,57,69,68,13,69,44,65,60,16,13,12
12413,220031,21,191.0,77.0,63,67,64,44,55,21,61,2,2,High,Medium,36,67,62,52,50,50,42,31,37,60,66,68,59,61,60,70,66,71,69,57,27,21,61,48,59,53,12,19,14
12505,222104,19,196.0,80.0,63,55,29,43,52,61,69,2,3,Medium,Medium,30,30,65,59,25,44,26,22,49,62,52,58,58,54,52,31,68,71,75,22,52,52,28,32,35,70,61,66,63
12522,228509,19,183.0,75.0,63,75,48,58,68,44,56,3,3,Medium,Medium,41,41,54,68,46,72,46,43,62,59,79,72,79,62,59,63,64,54,60,46,45,47,62,61,53,59,41,41,42
13002,218661,21,180.0,71.0,62,61,55,64,66,47,57,2,3,Medium,Medium,50,57,52,71,51,66,64,56,66,69,57,65,63,52,67,65,54,53,62,44,51,28,54,64,55,61,49,53,52
13071,228410,19,193.0,80.0,62,67,61,62,61,42,59,1,3,Medium,Medium,17,14,16,27,20,11,16,11,21,16,40,44,32,50,48,23,59,44,67,15,19,20,19,33,21,28,20,18,13
13282,209532,22,191.0,81.0,62,60,58,54,65,43,60,1,3,Medium,Medium,14,17,12,36,16,14,18,20,35,22,50,37,40,69,44,21,57,36,61,15,31,26,13,20,31,22,16,11,11
13594,223963,18,187.0,80.0,62,67,32,48,50,62,67,2,2,Medium,Medium,48,24,60,55,26,45,33,35,51,50,68,67,63,56,63,44,76,64,71,33,56,54,50,39,40,46,66,65,58
13729,224263,20,176.0,67.0,61,71,33,53,53,60,61,2,3,High,Medium,61,28,62,57,33,50,53,34,50,52,68,73,64,53,71,44,71,62,60,30,59,55,35,46,53,48,59,62,60
13809,220710,20,173.0,70.0,61,76,58,55,64,34,43,2,3,Medium,Medium,55,61,47,56,50,63,56,62,54,62,77,76,69,50,84,60,45,50,45,53,31,21,56,52,61,53,36,37,36
14197,236464,19,185.0,64.0,61,78,56,49,58,22,62,3,3,High,Low,48,57,66,51,44,58,41,43,41,60,77,78,52,55,66,56,61,62,73,55,33,17,59,54,66,53,16,18,22
14271,233934,19,188.0,77.0,61,62,59,53,68,35,58,1,3,Medium,Medium,15,14,25,21,18,28,16,29,19,26,33,36,45,50,52,35,58,35,51,19,35,12,5,41,28,39,12,11,19
14466,237337,17,173.0,65.0,60,65,53,57,67,35,42,3,3,Medium,Medium,61,47,45,60,53,71,55,42,55,65,64,66,61,46,81,69,46,54,36,48,39,20,51,52,70,52,35,37,49
14549,232757,19,172.0,60.0,60,63,50,61,64,45,45,3,3,Medium,Medium,56,49,31,63,48,64,56,53,61,63,61,65,72,48,73,54,34,60,37,51,48,44,50,66,50,62,40,52,51
14558,228407,20,181.0,67.0,60,58,47,58,61,50,58,2,3,Medium,Medium,44,42,58,67,51,58,46,47,63,62,51,64,67,58,68,54,64,54,59,47,59,51,62,57,53,50,49,47,54
14560,232759,18,178.0,74.0,60,67,36,49,62,58,58,2,2,Medium,Medium,55,27,41,55,28,62,47,29,46,61,65,68,63,54,73,48,58,60,56,45,59,59,37,41,40,56,59,61,60
15010,230882,20,178.0,83.0,60,54,33,35,40,63,61,2,2,Medium,Medium,37,30,63,34,37,37,29,36,36,39,52,55,45,49,62,43,72,61,66,26,48,59,27,33,45,52,59,67,66
15132,234252,18,185.0,80.0,59,59,28,33,43,59,65,2,2,Medium,High,33,22,54,34,31,34,33,34,29,50,55,62,56,51,61,41,69,59,67,22,64,58,35,33,49,52,59,60,59
15133,229901,18,200.0,79.0,59,35,28,40,53,57,65,2,3,Medium,Medium,24,25,53,55,23,50,26,31,50,60,35,35,56,50,30,33,73,58,74,26,47,57,26,30,40,50,56,59,61
15277,229718,18,185.0,70.0,59,67,52,62,62,40,50,3,3,High,Medium,50,47,43,65,39,60,65,70,64,63,68,66,65,53,70,68,60,55,49,57,43,43,42,62,40,53,37,40,39
15601,231673,18,184.0,77.0,59,66,47,57,60,48,59,2,3,Medium,Medium,41,44,49,64,33,56,48,46,64,63,62,69,72,53,70,56,60,57,66,51,45,53,42,61,47,48,45,47,46
15802,232544,21,186.0,76.0,58,55,54,58,62,45,58,3,3,High,Medium,53,52,52,64,55,61,54,50,60,65,56,55,59,56,58,66,57,53,68,45,40,30,55,55,64,61,42,52,55
15808,220774,20,183.0,68.0,58,69,32,39,53,58,62,2,3,Medium,Medium,47,24,58,40,38,51,29,33,35,49,66,71,64,56,65,43,68,64,63,31,56,59,32,38,48,51,55,60,57
15895,229266,19,190.0,76.0,58,55,29,37,41,60,58,2,3,Medium,High,34,23,52,45,34,38,25,32,38,40,62,49,47,45,60,43,65,42,70,24,47,58,23,31,40,50,60,64,61
16037,234743,18,183.0,71.0,58,67,54,45,57,29,65,3,3,Medium,Medium,35,58,62,49,48,54,47,48,42,60,65,69,69,52,59,56,67,66,68,43,58,26,54,49,55,50,25,25,24
16380,231639,20,178.0,72.0,57,65,33,45,55,56,60,2,2,Medium,Medium,52,30,52,47,27,56,39,34,43,49,67,63,59,54,69,41,55,68,58,28,58,56,44,39,37,43,54,58,56
16457,227854,19,183.0,74.0,56,55,26,48,48,57,59,2,3,Medium,Medium,40,22,55,61,25,42,39,23,29,60,60,51,35,49,64,38,70,60,62,19,46,53,28,54,39,45,55,61,59
16759,231172,20,188.0,75.0,55,53,54,56,54,28,55,1,2,Medium,Medium,11,8,14,52,9,12,12,11,40,40,30,26,40,50,39,17,52,41,64,5,40,9,4,32,11,40,9,22,11
17066,233528,19,180.0,65.0,54,88,52,39,49,17,55,2,2,Medium,Medium,28,55,46,48,35,46,36,30,30,44,86,89,72,50,71,52,59,66,58,48,31,17,49,43,51,45,11,15,14
17125,221545,20,183.0,66.0,54,63,46,59,53,40,50,2,3,Medium,Medium,48,43,47,70,42,51,48,42,66,52,62,63,58,49,66,56,53,33,62,42,40,29,50,51,51,57,35,47,51
